day,hour,min,price,inventory,date,timestamp,minute,main_contract,main_volume,main_contract_clean,signal,opti_price,filled_price,benchmark_amount,amount,slippage
44622,6,0,332.38,1,2022-03-02,2022-03-02 06:00:00,2022-03-02 06:00:00,HOJ22.csv,16,HOJ22.csv,1.0,333.62,333.62,332.38,333.62,-1.240000000000009
44622,10,30,337.18,3,2022-03-02,2022-03-02 10:30:00,2022-03-02 10:30:00,HOJ22.csv,39,HOJ22.csv,2.0,336.85,336.85,674.36,673.7,0.6599999999999682
44622,12,0,340.33,6,2022-03-02,2022-03-02 12:00:00,2022-03-02 12:00:00,HOJ22.csv,45,HOJ22.csv,3.0,339.56,339.56,1020.99,1018.6800000000001,2.3099999999999454
44622,16,0,354.31,4,2022-03-02,2022-03-02 16:00:00,2022-03-02 16:00:00,HOJ22.csv,7,HOJ22.csv,-2.0,353.89,353.89,708.62,707.78,-0.8400000000000318
44623,6,0,362.81,3,2022-03-03,2022-03-03 06:00:00,2022-03-03 06:00:00,HOJ22.csv,4,HOJ22.csv,-1.0,363.17,363.17,362.81,363.17,0.36000000000001364
44623,12,0,349.89,2,2022-03-03,2022-03-03 12:00:00,2022-03-03 12:00:00,HOJ22.csv,79,HOJ22.csv,-1.0,349.98,356.7,349.89,356.7,6.810000000000002
44623,16,0,350.08,0,2022-03-03,2022-03-03 16:00:00,2022-03-03 16:00:00,HOJ22.csv,23,HOJ22.csv,-2.0,350.35,350.35,700.16,700.7,0.5400000000000773
44624,10,30,369.01,2,2022-03-04,2022-03-04 10:30:00,2022-03-04 10:30:00,HOJ22.csv,25,HOJ22.csv,2.0,366.84,366.84,738.02,733.68,4.340000000000032
44624,12,0,365.49,6,2022-03-04,2022-03-04 12:00:00,2022-03-04 12:00:00,HOJ22.csv,63,HOJ22.csv,4.0,368.3200000000001,368.3200000000001,1461.96,1473.2800000000004,-11.320000000000391
44624,16,0,376.9,3,2022-03-04,2022-03-04 16:00:00,2022-03-04 16:00:00,HOJ22.csv,9,HOJ22.csv,-3.0,375.6,375.6,1130.6999999999998,1126.8000000000002,-3.899999999999636
44624,16,20,376.52,0,2022-03-04,2022-03-04 16:20:00,2022-03-04 16:20:00,HOJ22.csv,2,HOJ22.csv,-3.0,377.24,377.24,1129.56,1131.72,2.160000000000082
44627,10,30,389.24,2,2022-03-07,2022-03-07 10:30:00,2022-03-07 10:30:00,HOJ22.csv,106,HOJ22.csv,2.0,391.88000000000005,391.88000000000005,778.48,783.7600000000001,-5.280000000000086
44627,12,0,394.21,6,2022-03-07,2022-03-07 12:00:00,2022-03-07 12:00:00,HOJ22.csv,54,HOJ22.csv,4.0,393.16,393.16,1576.84,1572.64,4.199999999999818
44627,14,30,390.88,5,2022-03-07,2022-03-07 14:30:00,2022-03-07 14:30:00,HOJ22.csv,245,HOJ22.csv,-1.0,390.87,390.87,390.88,390.87,-0.009999999999990905
44627,16,0,394.44,3,2022-03-07,2022-03-07 16:00:00,2022-03-07 16:00:00,HOJ22.csv,8,HOJ22.csv,-2.0,395.42,395.42,788.88,790.84,1.9600000000000364
44628,10,30,439.78,5,2022-03-08,2022-03-08 10:30:00,2022-03-08 10:30:00,HOJ22.csv,35,HOJ22.csv,2.0,439.96,439.96,879.56,879.92,-0.36000000000001364
44628,12,0,443.24,2,2022-03-08,2022-03-08 12:00:00,2022-03-08 12:00:00,HOK22.csv,52,HOJ22.csv,-3.0,443.07,443.07,1329.72,1329.21,-0.5099999999999909
44628,14,30,442.93,0,2022-03-08,2022-03-08 14:30:00,2022-03-08 14:30:00,HOJ22.csv,86,HOJ22.csv,-2.0,444.66,444.66,885.86,889.32,3.4600000000000364
44630,4,30,370.73,-2,2022-03-10,2022-03-10 04:30:00,2022-03-10 04:30:00,HOK22.csv,2,HOK22.csv,-2.0,353.25,353.19,741.46,706.38,-35.08000000000004
44630,8,30,367.68,0,2022-03-10,2022-03-10 08:30:00,2022-03-10 08:30:00,HOJ22.csv,31,HOJ22.csv,2.0,370.9,370.9,735.36,741.8,-6.439999999999941
44630,12,0,334.09,3,2022-03-10,2022-03-10 12:00:00,2022-03-10 12:00:00,HOJ22.csv,62,HOJ22.csv,3.0,336.02000000000004,336.02000000000004,1002.27,1008.0600000000002,-5.790000000000191
44630,16,0,330.64,2,2022-03-10,2022-03-10 16:00:00,2022-03-10 16:00:00,HOJ22.csv,6,HOJ22.csv,-1.0,329.48,329.48,330.64,329.48,-1.1599999999999682
44631,4,30,338.46,0,2022-03-11,2022-03-11 04:30:00,2022-03-11 04:30:00,HOJ22.csv,11,HOJ22.csv,-2.0,338.54999999999995,338.54999999999995,676.92,677.0999999999999,0.17999999999994998
44631,8,30,330.3,2,2022-03-11,2022-03-11 08:30:00,2022-03-11 08:30:00,HOJ22.csv,44,HOJ22.csv,2.0,329.71000000000004,329.71000000000004,660.6,659.4200000000001,1.17999999999995
44631,12,0,340.06,6,2022-03-11,2022-03-11 12:00:00,2022-03-11 12:00:00,HOJ22.csv,38,HOJ22.csv,4.0,340.68,340.68,1360.24,1362.72,-2.480000000000018
44631,16,0,340.73,3,2022-03-11,2022-03-11 16:00:00,2022-03-11 16:00:00,HOJ22.csv,5,HOJ22.csv,-3.0,341.54,341.29,1022.19,1023.8700000000001,1.6800000000000637
44631,16,20,341.94,0,2022-03-11,2022-03-11 16:20:00,2022-03-11 16:20:00,HOJ22.csv,3,HOJ22.csv,-3.0,341.91,340.99,1025.82,1022.97,-2.849999999999909
44634,4,30,339.89,-2,2022-03-14,2022-03-14 04:30:00,2022-03-14 04:30:00,HOJ22.csv,15,HOJ22.csv,-2.0,341.29999999999995,341.29999999999995,679.78,682.5999999999999,2.8199999999999363
44634,6,0,333.84,-1,2022-03-14,2022-03-14 06:00:00,2022-03-14 06:00:00,HOJ22.csv,10,HOJ22.csv,1.0,335.04,335.04,333.84,335.04,-1.2000000000000455
44634,6,30,333.12,0,2022-03-14,2022-03-14 06:30:00,2022-03-14 06:30:00,HOJ22.csv,3,HOJ22.csv,1.0,334.66,334.66,333.12,334.66,-1.5400000000000205
44634,8,30,334.69,2,2022-03-14,2022-03-14 08:30:00,2022-03-14 08:30:00,HOM22.csv,2,HOM22.csv,2.0,311.73,311.73,669.38,623.46,45.91999999999996
44634,10,30,327.39,1,2022-03-14,2022-03-14 10:30:00,2022-03-14 10:30:00,HOJ22.csv,14,HOJ22.csv,-1.0,327.48,327.48,327.39,327.48,0.09000000000003183
44635,6,0,306.32,0,2022-03-15,2022-03-15 06:00:00,2022-03-15 06:00:00,HOJ22.csv,2,HOJ22.csv,-1.0,306.41,306.41,306.32,306.41,0.09000000000003183
44635,12,0,300.42,1,2022-03-15,2022-03-15 12:00:00,2022-03-15 12:00:00,HOJ22.csv,74,HOJ22.csv,1.0,300.33000000000004,300.33000000000004,300.42,300.33000000000004,0.08999999999997499
44636,12,0,309.37,2,2022-03-16,2022-03-16 12:00:00,2022-03-16 12:00:00,HOJ22.csv,12,HOJ22.csv,1.0,308.98,308.98,309.37,308.98,0.38999999999998636
44636,16,0,311.69,0,2022-03-16,2022-03-16 16:00:00,2022-03-16 16:00:00,HOJ22.csv,2,HOJ22.csv,-2.0,312.61999999999995,312.61999999999995,623.38,625.2399999999999,1.8599999999999
44637,4,30,328.31,-2,2022-03-17,2022-03-17 04:30:00,2022-03-17 04:30:00,HOJ22.csv,1,HOK22.csv,-2.0,312.34,312.34,656.62,624.68,-31.940000000000055
44637,8,30,337.42,0,2022-03-17,2022-03-17 08:30:00,2022-03-17 08:30:00,HOK22.csv,8,HOM22.csv,2.0,307.8,307.8,674.84,615.6,59.24000000000001
44637,12,0,354.81,3,2022-03-17,2022-03-17 12:00:00,2022-03-17 12:00:00,HOK22.csv,42,HOJ22.csv,3.0,353.64000000000004,353.64000000000004,1064.43,1060.92,3.509999999999991
44637,16,0,348.49,0,2022-03-17,2022-03-17 16:00:00,2022-03-17 16:00:00,HOK22.csv,8,HOJ22.csv,-3.0,348.86,348.86,1045.47,1046.58,1.1099999999999
44638,12,0,351.18,3,2022-03-18,2022-03-18 12:00:00,2022-03-18 12:00:00,HOK22.csv,10,HOK22.csv,3.0,332.52000000000004,332.52000000000004,1053.54,997.5600000000002,55.97999999999979
44638,16,0,361.09,0,2022-03-18,2022-03-18 16:00:00,2022-03-18 16:00:00,HOK22.csv,4,HOK22.csv,-3.0,339.19,337.99,1083.27,1013.97,-69.29999999999995
44641,6,30,351.03,1,2022-03-21,2022-03-21 06:30:00,2022-03-21 06:30:00,HOK22.csv,1,HOK22.csv,1.0,350.94,353.11,351.03,353.11,-2.080000000000041
44641,10,30,359.13,0,2022-03-21,2022-03-21 10:30:00,2022-03-21 10:30:00,HOK22.csv,47,HOK22.csv,-1.0,357.5,357.5,359.13,357.5,-1.6299999999999955
44641,12,0,358.09,2,2022-03-21,2022-03-21 12:00:00,2022-03-21 12:00:00,HOJ22.csv,14,HOK22.csv,2.0,356.96000000000004,356.96000000000004,716.18,713.9200000000001,2.259999999999877
44642,12,0,355.9,5,2022-03-22,2022-03-22 12:00:00,2022-03-22 12:00:00,HOK22.csv,9,HOK22.csv,3.0,356.37,356.37,1067.6999999999998,1069.1100000000001,-1.4100000000003092
44642,16,0,357.56,3,2022-03-22,2022-03-22 16:00:00,2022-03-22 16:00:00,HOK22.csv,17,HOK22.csv,-2.0,357.67,357.14,715.12,714.28,-0.8400000000000318
44643,6,0,362.76,4,2022-03-23,2022-03-23 06:00:00,2022-03-23 06:00:00,HOK22.csv,1,HOK22.csv,1.0,362.6,362.6,362.76,362.6,0.15999999999996817
44643,12,0,378.27,1,2022-03-23,2022-03-23 12:00:00,2022-03-23 12:00:00,HOK22.csv,69,HOK22.csv,-3.0,378.31,378.31,1134.81,1134.93,0.12000000000011823
44644,6,0,378.7,0,2022-03-24,2022-03-24 06:00:00,2022-03-24 06:00:00,HOK22.csv,1,HOK22.csv,-1.0,379.85,379.85,378.7,379.85,1.150000000000034
44644,12,0,377.22,3,2022-03-24,2022-03-24 12:00:00,2022-03-24 12:00:00,HOK22.csv,16,HOK22.csv,3.0,378.2000000000001,378.2000000000001,1131.66,1134.6000000000004,-2.940000000000282
44644,16,0,379.54,0,2022-03-24,2022-03-24 16:00:00,2022-03-24 16:00:00,HOK22.csv,10,HOK22.csv,-3.0,379.65,379.65,1138.6200000000001,1138.9499999999998,0.32999999999969987
44645,12,0,373.38,3,2022-03-25,2022-03-25 12:00:00,2022-03-25 12:00:00,HOK22.csv,27,HOK22.csv,3.0,374.43,374.43,1120.1399999999999,1123.29,-3.150000000000091
44645,16,0,370.85,2,2022-03-25,2022-03-25 16:00:00,2022-03-25 16:00:00,HOM22.csv,2,HOK22.csv,-1.0,371.36,370.78,370.85,370.78,-0.07000000000005002
44645,16,20,371.05,0,2022-03-25,2022-03-25 16:20:00,2022-03-25 16:20:00,HOK22.csv,2,HOK22.csv,-2.0,371.09,371.09,742.1,742.18,0.07999999999992724
44648,4,30,362.69,1,2022-03-28,2022-03-28 04:30:00,2022-03-28 04:30:00,HOK22.csv,2,HOK22.csv,1.0,363.5700000000001,363.5700000000001,362.69,363.5700000000001,-0.8800000000001091
44648,8,30,358.65,0,2022-03-28,2022-03-28 08:30:00,2022-03-28 08:30:00,HOK22.csv,4,HOK22.csv,-1.0,359.38,359.38,358.65,359.38,0.7300000000000182
44648,12,0,357.77,2,2022-03-28,2022-03-28 12:00:00,2022-03-28 12:00:00,HOK22.csv,19,HOK22.csv,2.0,357.68,358.25,715.54,716.5,-0.9600000000000364
44649,4,30,350.89,0,2022-03-29,2022-03-29 04:30:00,2022-03-29 04:30:00,HOK22.csv,5,HOK22.csv,-2.0,351.61,351.61,701.78,703.22,1.4400000000000546
44649,8,30,326.9,2,2022-03-29,2022-03-29 08:30:00,2022-03-29 08:30:00,HOK22.csv,27,HOK22.csv,2.0,325.59000000000003,325.59000000000003,653.8,651.1800000000001,2.619999999999891
44649,12,0,335.39,1,2022-03-29,2022-03-29 12:00:00,2022-03-29 12:00:00,HOK22.csv,15,HOK22.csv,-1.0,334.86,334.86,335.39,334.86,-0.5299999999999727
44649,16,0,342.5,0,2022-03-29,2022-03-29 16:00:00,2022-03-29 16:00:00,HOK22.csv,1,HOK22.csv,-1.0,343.16,343.16,342.5,343.16,0.660000000000025
44651,6,0,330.69,1,2022-03-31,2022-03-31 06:00:00,2022-03-31 06:00:00,HOK22.csv,4,HOK22.csv,1.0,330.06,330.06,330.69,330.06,0.6299999999999955
44652,4,30,334.8,3,2022-04-01,2022-04-01 04:30:00,2022-04-01 04:30:00,HOK22.csv,2,HOK22.csv,2.0,336.18,334.6,669.6,669.2,0.39999999999997726
44652,6,0,338.72,2,2022-04-01,2022-04-01 06:00:00,2022-04-01 06:00:00,HOK22.csv,9,HOK22.csv,-1.0,339.88,339.88,338.72,339.88,1.1599999999999682
44652,8,30,335.78,0,2022-04-01,2022-04-01 08:30:00,2022-04-01 08:30:00,HON22.csv,6,HOK22.csv,-2.0,336.59,336.59,671.56,673.18,1.6200000000000045
44652,12,0,339.0,2,2022-04-01,2022-04-01 12:00:00,2022-04-01 12:00:00,HOK22.csv,11,HOK22.csv,2.0,339.16,339.16,678.0,678.32,-0.32000000000005
44652,16,0,346.14,0,2022-04-01,2022-04-01 16:00:00,2022-04-01 16:00:00,HOK22.csv,2,HOK22.csv,-2.0,345.86,345.86,692.28,691.72,-0.5599999999999454
44655,6,0,348.77,-1,2022-04-04,2022-04-04 06:00:00,2022-04-04 06:00:00,HOK22.csv,2,HOK22.csv,-1.0,349.14,349.14,348.77,349.14,0.37000000000000455
44656,6,0,353.76,1,2022-04-05,2022-04-05 06:00:00,2022-04-05 06:00:00,HOK22.csv,5,HOK22.csv,2.0,353.39000000000004,353.39000000000004,707.52,706.7800000000001,0.7399999999998954
44656,6,30,354.17,3,2022-04-05,2022-04-05 06:30:00,2022-04-05 06:30:00,HOK22.csv,6,HOK22.csv,2.0,353.95000000000005,353.95000000000005,708.34,707.9000000000001,0.4399999999999409
44656,10,30,353.28,1,2022-04-05,2022-04-05 10:30:00,2022-04-05 10:30:00,HOK22.csv,26,HOK22.csv,-2.0,349.5,349.5,706.56,699.0,-7.559999999999945
44656,12,0,345.27,0,2022-04-05,2022-04-05 12:00:00,2022-04-05 12:00:00,HOK22.csv,30,HOK22.csv,-1.0,346.42999999999995,346.42999999999995,345.27,346.42999999999995,1.1599999999999682
44657,4,30,352.62,-2,2022-04-06,2022-04-06 04:30:00,2022-04-06 04:30:00,HOK22.csv,7,HOK22.csv,-2.0,353.73,353.73,705.24,707.46,2.2200000000000273
44657,6,0,354.49,-3,2022-04-06,2022-04-06 06:00:00,2022-04-06 06:00:00,HOK22.csv,4,HOK22.csv,-1.0,354.98,354.39,354.49,354.39,-0.10000000000002274
44657,8,30,353.46,-1,2022-04-06,2022-04-06 08:30:00,2022-04-06 08:30:00,HOK22.csv,13,HOK22.csv,2.0,353.56,353.56,706.92,707.12,-0.20000000000004547
44657,12,0,339.91,0,2022-04-06,2022-04-06 12:00:00,2022-04-06 12:00:00,HOK22.csv,33,HOK22.csv,1.0,339.38000000000005,339.69,339.91,339.69,0.22000000000002728
44658,4,30,332.69,1,2022-04-07,2022-04-07 04:30:00,2022-04-07 04:30:00,HOK22.csv,75,HOK22.csv,1.0,331.73,331.73,332.69,331.73,0.9599999999999795
44658,8,30,338.69,0,2022-04-07,2022-04-07 08:30:00,2022-04-07 08:30:00,HOK22.csv,8,HOK22.csv,-1.0,338.16,338.16,338.69,338.16,-0.5299999999999727
44658,10,30,333.94,-1,2022-04-07,2022-04-07 10:30:00,2022-04-07 10:30:00,HOK22.csv,71,HOK22.csv,-1.0,333.48999999999995,333.48999999999995,333.94,333.48999999999995,-0.4500000000000455
44658,14,30,327.09,0,2022-04-07,2022-04-07 14:30:00,2022-04-07 14:30:00,HOK22.csv,50,HOK22.csv,1.0,326.51000000000005,326.51000000000005,327.09,326.51000000000005,0.5799999999999272
44659,4,30,330.2,2,2022-04-08,2022-04-08 04:30:00,2022-04-08 04:30:00,HOK22.csv,4,HOK22.csv,2.0,329.32000000000005,329.32000000000005,660.4,658.6400000000001,1.7599999999998772
44659,8,30,330.31,0,2022-04-08,2022-04-08 08:30:00,2022-04-08 08:30:00,HOK22.csv,6,HOK22.csv,-2.0,328.98999999999995,328.98999999999995,660.62,657.9799999999999,-2.6400000000001
44662,6,0,329.94,-1,2022-04-11,2022-04-11 06:00:00,2022-04-11 06:00:00,HOK22.csv,1,HOK22.csv,-1.0,330.14,330.14,329.94,330.14,0.19999999999998863
44662,12,0,327.37,0,2022-04-11,2022-04-11 12:00:00,2022-04-11 12:00:00,HOK22.csv,21,HOK22.csv,1.0,326.45000000000005,326.45000000000005,327.37,326.45000000000005,0.9199999999999591
44662,16,0,328.64,-1,2022-04-11,2022-04-11 16:00:00,2022-04-11 16:00:00,HOK22.csv,4,HOK22.csv,-1.0,328.73,328.73,328.64,328.73,0.09000000000003183
44663,4,30,334.41,-2,2022-04-12,2022-04-12 04:30:00,2022-04-12 04:30:00,HOK22.csv,4,HOK22.csv,-1.0,335.61999999999995,335.61999999999995,334.41,335.61999999999995,1.2099999999999227
44663,6,0,337.16,-1,2022-04-12,2022-04-12 06:00:00,2022-04-12 06:00:00,HOM22.csv,7,HOM22.csv,1.0,324.38000000000005,324.38000000000005,337.16,324.38000000000005,12.779999999999973
44663,8,30,339.86,0,2022-04-12,2022-04-12 08:30:00,2022-04-12 08:30:00,HOK22.csv,19,HOK22.csv,1.0,340.45000000000005,340.45000000000005,339.86,340.45000000000005,-0.5900000000000318
44663,10,30,342.38,2,2022-04-12,2022-04-12 10:30:00,2022-04-12 10:30:00,HOK22.csv,11,HOK22.csv,2.0,344.56,344.56,684.76,689.12,-4.360000000000014
44663,12,0,344.85,6,2022-04-12,2022-04-12 12:00:00,2022-04-12 12:00:00,HOK22.csv,25,HOK22.csv,4.0,342.66,342.66,1379.4,1370.64,8.759999999999991
44663,16,0,346.79,3,2022-04-12,2022-04-12 16:00:00,2022-04-12 16:00:00,HOK22.csv,32,HOK22.csv,-3.0,347.36,347.36,1040.3700000000001,1042.08,1.709999999999809
44664,6,0,349.37,6,2022-04-13,2022-04-13 06:00:00,2022-04-13 06:00:00,HON22.csv,51,HOM22.csv,3.0,335.13000000000005,335.13000000000005,1048.1100000000001,1005.3900000000001,42.72000000000003
44664,16,0,373.13,3,2022-04-13,2022-04-13 16:00:00,2022-04-13 16:00:00,HOK22.csv,9,HOK22.csv,-3.0,373.29,373.29,1119.3899999999999,1119.8700000000001,0.48000000000024556
44665,6,0,370.7,2,2022-04-14,2022-04-14 06:00:00,2022-04-14 06:00:00,HOK22.csv,3,HOK22.csv,-1.0,370.56,370.56,370.7,370.56,-0.13999999999998636
44665,10,30,377.34,3,2022-04-14,2022-04-14 10:30:00,2022-04-14 10:30:00,HOK22.csv,65,HOK22.csv,1.0,376.88000000000005,376.88000000000005,377.34,376.88000000000005,0.4599999999999227
44665,12,0,378.24,6,2022-04-14,2022-04-14 12:00:00,2022-04-14 12:00:00,HOM22.csv,47,HOK22.csv,3.0,381.31,381.31,1134.72,1143.93,-9.210000000000036
44665,14,30,385.54,5,2022-04-14,2022-04-14 14:30:00,2022-04-14 14:30:00,HOM22.csv,50,HOK22.csv,-1.0,384.62,384.62,385.54,384.62,-0.9200000000000159
44666,6,0,382.59,3,2022-04-15,2022-04-15 06:00:00,2022-04-15 06:00:00,HOK22.csv,8,HOK22.csv,-2.0,383.83,385.7,765.18,771.4,6.220000000000027
44666,12,0,382.59,0,2022-04-15,2022-04-15 12:00:00,2022-04-15 12:00:00,HOK22.csv,8,HOK22.csv,-3.0,383.83,385.7,1147.77,1157.1,9.329999999999927
44669,6,0,384.08,2,2022-04-18,2022-04-18 06:00:00,2022-04-18 06:00:00,HOK22.csv,1,HOK22.csv,2.0,384.11,384.11,768.16,768.22,-0.06000000000005912
44669,12,0,392.41,6,2022-04-18,2022-04-18 12:00:00,2022-04-18 12:00:00,HOM22.csv,13,HOM22.csv,4.0,368.5100000000001,370.29,1569.64,1481.16,88.48000000000002
44669,16,0,390.79,5,2022-04-18,2022-04-18 16:00:00,2022-04-18 16:00:00,HOK22.csv,2,HOK22.csv,-1.0,390.75,390.56,390.79,390.56,-0.2300000000000182
44670,6,0,360.0,3,2022-04-19,2022-04-19 06:00:00,2022-04-19 06:00:00,HOM22.csv,11,HOM22.csv,-2.0,359.19,359.19,720.0,718.38,-1.6200000000000045
44670,16,0,357.19,2,2022-04-19,2022-04-19 16:00:00,2022-04-19 16:00:00,HOM22.csv,2,HOM22.csv,-1.0,357.28,357.28,357.19,357.28,0.08999999999997499
44671,12,0,359.01,3,2022-04-20,2022-04-20 12:00:00,2022-04-20 12:00:00,HOM22.csv,25,HOM22.csv,1.0,358.99,358.99,359.01,358.99,0.01999999999998181
44671,16,0,366.49,0,2022-04-20,2022-04-20 16:00:00,2022-04-20 16:00:00,HOM22.csv,3,HOM22.csv,-3.0,367.1,366.99,1099.47,1100.97,1.5
44672,12,0,360.98,2,2022-04-21,2022-04-21 12:00:00,2022-04-21 12:00:00,HOM22.csv,25,HOM22.csv,2.0,361.27,361.27,721.96,722.54,-0.5799999999999272
44672,16,0,363.65,1,2022-04-21,2022-04-21 16:00:00,2022-04-21 16:00:00,HOM22.csv,11,HOM22.csv,-1.0,364.71,364.71,363.65,364.71,1.0600000000000023
44673,4,30,359.9,2,2022-04-22,2022-04-22 04:30:00,2022-04-22 04:30:00,HOM22.csv,29,HOM22.csv,1.0,356.18,356.18,359.9,356.18,3.7199999999999704
44673,6,0,358.08,0,2022-04-22,2022-04-22 06:00:00,2022-04-22 06:00:00,HOM22.csv,1,HOM22.csv,-2.0,358.86,358.86,716.16,717.72,1.5600000000000591
44673,8,30,362.91,-1,2022-04-22,2022-04-22 08:30:00,2022-04-22 08:30:00,HOM22.csv,14,HOM22.csv,-1.0,363.41,363.41,362.91,363.41,0.5
44673,16,20,361.39,0,2022-04-22,2022-04-22 16:20:00,2022-04-22 16:20:00,HOM22.csv,2,HOM22.csv,1.0,361.23,361.97,361.39,361.97,-0.5800000000000409
44676,12,0,353.17,1,2022-04-25,2022-04-25 12:00:00,2022-04-25 12:00:00,HOK22.csv,13,HOM22.csv,1.0,354.11,354.11,353.17,354.11,-0.9399999999999977
44676,16,0,367.67,0,2022-04-25,2022-04-25 16:00:00,2022-04-25 16:00:00,HOM22.csv,29,HOM22.csv,-1.0,367.08,367.08,367.67,367.08,-0.5900000000000318
44677,6,0,365.76,1,2022-04-26,2022-04-26 06:00:00,2022-04-26 06:00:00,HOM22.csv,2,HOM22.csv,1.0,366.4,366.4,365.76,366.4,-0.6399999999999864
44677,12,0,377.71,5,2022-04-26,2022-04-26 12:00:00,2022-04-26 12:00:00,HOM22.csv,8,HOM22.csv,4.0,378.24,378.24,1510.84,1512.96,-2.1200000000001182
44677,16,0,384.35,1,2022-04-26,2022-04-26 16:00:00,2022-04-26 16:00:00,HON22.csv,7,HOM22.csv,-4.0,385.34,385.34,1537.4,1541.36,3.959999999999809
44678,6,0,381.65,2,2022-04-27,2022-04-27 06:00:00,2022-04-27 06:00:00,HOM22.csv,14,HOM22.csv,1.0,380.2000000000001,381.04,381.65,381.04,0.6099999999999568
44678,12,0,386.05,6,2022-04-27,2022-04-27 12:00:00,2022-04-27 12:00:00,HOM22.csv,15,HOM22.csv,4.0,386.36,386.36,1544.2,1545.44,-1.240000000000009
44678,16,0,394.67,4,2022-04-27,2022-04-27 16:00:00,2022-04-27 16:00:00,HOM22.csv,5,HOM22.csv,-2.0,394.8,394.8,789.34,789.6,0.2599999999999909
44679,6,0,394.25,2,2022-04-28,2022-04-28 06:00:00,2022-04-28 06:00:00,HOM22.csv,3,HOM22.csv,-2.0,394.3,394.3,788.5,788.6,0.10000000000002274
44679,6,30,394.96,3,2022-04-28,2022-04-28 06:30:00,2022-04-28 06:30:00,HOM22.csv,2,HOM22.csv,1.0,394.17,394.17,394.96,394.17,0.7899999999999636
44679,10,30,393.22,2,2022-04-28,2022-04-28 10:30:00,2022-04-28 10:30:00,HOM22.csv,41,HOM22.csv,-1.0,394.08,394.08,393.22,394.08,0.8599999999999568
44679,12,0,399.86,0,2022-04-28,2022-04-28 12:00:00,2022-04-28 12:00:00,HOM22.csv,24,HOM22.csv,-2.0,400.36,400.36,799.72,800.72,1.0
44680,6,0,407.4,1,2022-04-29,2022-04-29 06:00:00,2022-04-29 06:00:00,HOM22.csv,2,HOM22.csv,1.0,406.84,405.94,407.4,405.94,1.4599999999999795
44680,12,0,411.86,6,2022-04-29,2022-04-29 12:00:00,2022-04-29 12:00:00,HOM22.csv,37,HOM22.csv,5.0,411.96,411.96,2059.3,2059.7999999999997,-0.49999999999954525
44680,16,0,399.1,1,2022-04-29,2022-04-29 16:00:00,2022-04-29 16:00:00,HOM22.csv,7,HOM22.csv,-5.0,400.65,400.15,1995.5,2000.75,5.25
44680,16,20,400.55,0,2022-04-29,2022-04-29 16:20:00,2022-04-29 16:20:00,HOM22.csv,2,HOM22.csv,-1.0,400.39,400.39,400.55,400.39,-0.160000000000025
44683,6,30,398.68,2,2022-05-02,2022-05-02 06:30:00,2022-05-02 06:30:00,HOM22.csv,3,HOM22.csv,2.0,400.56,399.75,797.36,799.5,-2.1399999999999864
44683,12,0,414.78,4,2022-05-02,2022-05-02 12:00:00,2022-05-02 12:00:00,HOM22.csv,57,HOM22.csv,2.0,415.65,415.65,829.56,831.3,-1.740000000000009
44683,14,30,421.12,2,2022-05-02,2022-05-02 14:30:00,2022-05-02 14:30:00,HOM22.csv,87,HOM22.csv,-2.0,423.39,423.39,842.24,846.78,4.539999999999964
44684,12,0,407.36,1,2022-05-03,2022-05-03 12:00:00,2022-05-03 12:00:00,HOM22.csv,46,HOM22.csv,-1.0,406.31,406.31,407.36,406.31,-1.0500000000000114
44684,16,0,409.6,0,2022-05-03,2022-05-03 16:00:00,2022-05-03 16:00:00,HON22.csv,6,HON22.csv,-1.0,373.42,373.73,409.6,373.73,-35.870000000000005
44685,10,30,415.12,3,2022-05-04,2022-05-04 10:30:00,2022-05-04 10:30:00,HOM22.csv,43,HOM22.csv,3.0,415.03,415.03,1245.3600000000001,1245.09,0.2700000000002092
44685,12,0,412.27,6,2022-05-04,2022-05-04 12:00:00,2022-05-04 12:00:00,HOM22.csv,67,HOM22.csv,3.0,412.18,412.18,1236.81,1236.54,0.2699999999999818
44685,14,30,419.88,5,2022-05-04,2022-05-04 14:30:00,2022-05-04 14:30:00,HOM22.csv,59,HOM22.csv,-1.0,419.97,422.4,419.88,422.4,2.519999999999982
44685,16,0,423.42,2,2022-05-04,2022-05-04 16:00:00,2022-05-04 16:00:00,HOM22.csv,5,HOM22.csv,-3.0,421.33,421.33,1270.26,1263.99,-6.269999999999982
44686,12,0,407.49,-1,2022-05-05,2022-05-05 12:00:00,2022-05-05 12:00:00,HOM22.csv,71,HOM22.csv,-3.0,409.23,408.18,1222.47,1224.54,2.0699999999999363
44687,4,30,404.73,1,2022-05-06,2022-05-06 04:30:00,2022-05-06 04:30:00,HOM22.csv,2,HOM22.csv,2.0,405.27,405.27,809.46,810.54,-1.0799999999999272
44687,6,0,405.1,2,2022-05-06,2022-05-06 06:00:00,2022-05-06 06:00:00,HOM22.csv,1,HOM22.csv,1.0,402.66,402.66,405.1,402.66,2.4399999999999977
44687,8,30,400.14,0,2022-05-06,2022-05-06 08:30:00,2022-05-06 08:30:00,HON22.csv,38,HON22.csv,-2.0,380.58,380.58,800.28,761.16,-39.120000000000005
44687,12,0,401.36,5,2022-05-06,2022-05-06 12:00:00,2022-05-06 12:00:00,HOM22.csv,19,HOM22.csv,5.0,401.58,401.58,2006.8000000000002,2007.8999999999999,-1.0999999999996817
44687,16,0,401.21,3,2022-05-06,2022-05-06 16:00:00,2022-05-06 16:00:00,HOM22.csv,20,HOM22.csv,-2.0,401.32,401.32,802.42,802.64,0.22000000000002728
44687,16,20,400.76,0,2022-05-06,2022-05-06 16:20:00,2022-05-06 16:20:00,HOM22.csv,3,HOM22.csv,-3.0,400.58,400.58,1202.28,1201.74,-0.5399999999999636
44690,6,0,390.34,-1,2022-05-09,2022-05-09 06:00:00,2022-05-09 06:00:00,HOM22.csv,1,HOM22.csv,-1.0,388.57,389.89,390.34,389.89,-0.44999999999998863
44690,12,0,389.48,5,2022-05-09,2022-05-09 12:00:00,2022-05-09 12:00:00,HOM22.csv,37,HOM22.csv,6.0,391.52,391.52,2336.88,2349.12,-12.239999999999782
44690,16,0,381.44,2,2022-05-09,2022-05-09 16:00:00,2022-05-09 16:00:00,HON22.csv,3,HOM22.csv,-3.0,381.79,381.79,1144.32,1145.3700000000001,1.050000000000182
44691,6,0,380.85,5,2022-05-10,2022-05-10 06:00:00,2022-05-10 06:00:00,HOM22.csv,2,HOM22.csv,3.0,381.0100000000001,380.8,1142.5500000000002,1142.4,0.15000000000009095
44691,16,0,393.6,2,2022-05-10,2022-05-10 16:00:00,2022-05-10 16:00:00,HOM22.csv,22,HOM22.csv,-3.0,393.69,393.69,1180.8000000000002,1181.07,0.26999999999975444
44692,6,0,404.02,0,2022-05-11,2022-05-11 06:00:00,2022-05-11 06:00:00,HON22.csv,8,HOM22.csv,-2.0,403.58,403.58,808.04,807.16,-0.8799999999999955
44692,12,0,402.84,3,2022-05-11,2022-05-11 12:00:00,2022-05-11 12:00:00,HOM22.csv,33,HOM22.csv,3.0,403.58,403.58,1208.52,1210.74,-2.2200000000000273
44692,16,0,393.17,0,2022-05-11,2022-05-11 16:00:00,2022-05-11 16:00:00,HOM22.csv,3,HOM22.csv,-3.0,394.02,394.02,1179.51,1182.06,2.5499999999999545
44693,6,0,381.83,1,2022-05-12,2022-05-12 06:00:00,2022-05-12 06:00:00,HOM22.csv,8,HOM22.csv,1.0,383.09,383.09,381.83,383.09,-1.259999999999991
44693,12,0,392.76,3,2022-05-12,2022-05-12 12:00:00,2022-05-12 12:00:00,HOM22.csv,116,HOM22.csv,2.0,395.66,395.66,785.52,791.32,-5.800000000000068
44693,16,0,393.29,1,2022-05-12,2022-05-12 16:00:00,2022-05-12 16:00:00,HOM22.csv,4,HOM22.csv,-2.0,392.78,392.78,786.58,785.56,-1.0200000000000955
44694,4,30,394.49,-1,2022-05-13,2022-05-13 04:30:00,2022-05-13 04:30:00,HOM22.csv,26,HOM22.csv,-2.0,395.25,395.25,788.98,790.5,1.5199999999999818
44694,6,0,394.72,-4,2022-05-13,2022-05-13 06:00:00,2022-05-13 06:00:00,HOM22.csv,12,HOM22.csv,-3.0,393.22,391.61,1184.16,1174.83,-9.330000000000155
44694,8,30,396.51,-2,2022-05-13,2022-05-13 08:30:00,2022-05-13 08:30:00,HON22.csv,4,HOM22.csv,2.0,396.24,396.24,793.02,792.48,0.5399999999999636
44694,10,30,398.58,0,2022-05-13,2022-05-13 10:30:00,2022-05-13 10:30:00,HOM22.csv,19,HOM22.csv,2.0,398.54,398.54,797.16,797.08,0.07999999999992724
44694,12,0,399.94,6,2022-05-13,2022-05-13 12:00:00,2022-05-13 12:00:00,HON22.csv,23,HON22.csv,6.0,380.2000000000001,380.2000000000001,2399.64,2281.2000000000007,118.43999999999915
44694,14,30,392.36,4,2022-05-13,2022-05-13 14:30:00,2022-05-13 14:30:00,HOM22.csv,74,HOM22.csv,-2.0,392.88,392.88,784.72,785.76,1.0399999999999636
44694,16,0,393.71,1,2022-05-13,2022-05-13 16:00:00,2022-05-13 16:00:00,HON22.csv,3,HON22.csv,-3.0,377.04,377.49,1181.1299999999999,1132.47,-48.659999999999854
44694,16,20,393.52,0,2022-05-13,2022-05-13 16:20:00,2022-05-13 16:20:00,HOM22.csv,2,HOM22.csv,-1.0,393.66,393.66,393.52,393.66,0.1400000000000432
44697,6,0,386.8,-2,2022-05-16,2022-05-16 06:00:00,2022-05-16 06:00:00,HOM22.csv,1,HOM22.csv,-2.0,387.37,387.37,773.6,774.74,1.1399999999999864
44697,12,0,392.32,0,2022-05-16,2022-05-16 12:00:00,2022-05-16 12:00:00,HON22.csv,29,HON22.csv,2.0,378.48,378.48,784.64,756.96,27.67999999999995
44698,6,0,391.9,4,2022-05-17,2022-05-17 06:00:00,2022-05-17 06:00:00,HON22.csv,2,HOM22.csv,4.0,394.52,394.52,1567.6,1578.08,-10.480000000000018
44698,12,0,387.19,5,2022-05-17,2022-05-17 12:00:00,2022-05-17 12:00:00,HOM22.csv,14,HON22.csv,1.0,375.08,375.08,387.19,375.08,12.110000000000014
44698,16,0,379.0,3,2022-05-17,2022-05-17 16:00:00,2022-05-17 16:00:00,HON22.csv,10,HON22.csv,-2.0,367.79,367.79,758.0,735.58,-22.41999999999996
44699,6,0,371.86,0,2022-05-18,2022-05-18 06:00:00,2022-05-18 06:00:00,HON22.csv,9,HON22.csv,-3.0,372.05,372.05,1115.58,1116.15,0.5700000000001637
44699,6,30,371.81,-4,2022-05-18,2022-05-18 06:30:00,2022-05-18 06:30:00,HOM22.csv,1,HON22.csv,-4.0,372.07,372.07,1487.24,1488.28,1.0399999999999636
44699,10,30,367.51,0,2022-05-18,2022-05-18 10:30:00,2022-05-18 10:30:00,HON22.csv,138,HON22.csv,4.0,365.13000000000005,365.13000000000005,1470.04,1460.5200000000002,9.519999999999754
44699,12,0,358.4,-1,2022-05-18,2022-05-18 12:00:00,2022-05-18 12:00:00,HON22.csv,43,HON22.csv,-1.0,357.14,357.14,358.4,357.14,-1.259999999999991
44700,4,30,352.51,2,2022-05-19,2022-05-19 04:30:00,2022-05-19 04:30:00,HON22.csv,9,HON22.csv,3.0,349.74,349.74,1057.53,1049.22,8.309999999999945
44700,6,0,345.38,3,2022-05-19,2022-05-19 06:00:00,2022-05-19 06:00:00,HON22.csv,43,HON22.csv,1.0,348.02000000000004,348.02000000000004,345.38,348.02000000000004,-2.640000000000043
44700,6,30,349.4,2,2022-05-19,2022-05-19 06:30:00,2022-05-19 06:30:00,HON22.csv,2,HON22.csv,-1.0,347.26,347.26,349.4,347.26,-2.1399999999999864
44700,8,30,345.96,-1,2022-05-19,2022-05-19 08:30:00,2022-05-19 08:30:00,HON22.csv,14,HON22.csv,-3.0,346.67999999999995,346.67999999999995,1037.8799999999999,1040.04,2.160000000000082
44700,10,30,355.45,0,2022-05-19,2022-05-19 10:30:00,2022-05-19 10:30:00,HON22.csv,46,HON22.csv,1.0,355.08000000000004,355.08000000000004,355.45,355.08000000000004,0.3699999999999477
44701,4,30,366.81,2,2022-05-20,2022-05-20 04:30:00,2022-05-20 04:30:00,HON22.csv,28,HON22.csv,2.0,367.49,367.49,733.62,734.98,-1.3600000000000136
44701,8,30,365.9,0,2022-05-20,2022-05-20 08:30:00,2022-05-20 08:30:00,HON22.csv,6,HON22.csv,-2.0,365.99,365.99,731.8,731.98,0.18000000000006366
44701,12,0,365.84,1,2022-05-20,2022-05-20 12:00:00,2022-05-20 12:00:00,HON22.csv,35,HON22.csv,1.0,365.23,364.25,365.84,364.25,1.589999999999975
44701,16,0,363.0,0,2022-05-20,2022-05-20 16:00:00,2022-05-20 16:00:00,HON22.csv,5,HON22.csv,-1.0,364.14,364.14,363.0,364.14,1.1399999999999864
44704,4,30,366.21,2,2022-05-23,2022-05-23 04:30:00,2022-05-23 04:30:00,HON22.csv,22,HON22.csv,2.0,364.34,364.34,732.42,728.68,3.740000000000009
44704,6,0,365.5,1,2022-05-23,2022-05-23 06:00:00,2022-05-23 06:00:00,HOM22.csv,12,HON22.csv,-1.0,366.31,366.31,365.5,366.31,0.8100000000000023
44704,8,30,363.81,-1,2022-05-23,2022-05-23 08:30:00,2022-05-23 08:30:00,HON22.csv,5,HON22.csv,-2.0,363.96,363.96,727.62,727.92,0.2999999999999545
44704,12,0,363.67,2,2022-05-23,2022-05-23 12:00:00,2022-05-23 12:00:00,HON22.csv,36,HON22.csv,3.0,364.23,364.23,1091.01,1092.69,-1.6800000000000637
44704,16,0,365.41,0,2022-05-23,2022-05-23 16:00:00,2022-05-23 16:00:00,HON22.csv,12,HON22.csv,-2.0,365.91,365.82,730.82,731.64,0.8199999999999363
44705,4,30,363.47,4,2022-05-24,2022-05-24 04:30:00,2022-05-24 04:30:00,HON22.csv,2,HON22.csv,4.0,363.06,363.06,1453.88,1452.24,1.6400000000001
44705,8,30,369.79,0,2022-05-24,2022-05-24 08:30:00,2022-05-24 08:30:00,HON22.csv,5,HON22.csv,-4.0,369.57,369.57,1479.16,1478.28,-0.8800000000001091
44705,12,0,365.51,-3,2022-05-24,2022-05-24 12:00:00,2022-05-24 12:00:00,HON22.csv,51,HON22.csv,-3.0,363.43,363.43,1096.53,1090.29,-6.240000000000009
44705,16,0,366.49,-1,2022-05-24,2022-05-24 16:00:00,2022-05-24 16:00:00,HON22.csv,7,HON22.csv,2.0,366.66,365.6,732.98,731.2,1.7799999999999727
44706,4,30,369.8,1,2022-05-25,2022-05-25 04:30:00,2022-05-25 04:30:00,HON22.csv,7,HON22.csv,2.0,370.08,370.1,739.6,740.2,-0.6000000000000227
44706,8,30,372.72,-1,2022-05-25,2022-05-25 08:30:00,2022-05-25 08:30:00,HON22.csv,11,HON22.csv,-2.0,372.66,372.66,745.44,745.32,-0.12000000000000455
44706,10,30,370.42,-2,2022-05-25,2022-05-25 10:30:00,2022-05-25 10:30:00,HON22.csv,105,HON22.csv,-1.0,370.9,370.9,370.42,370.9,0.47999999999996135
44706,14,30,374.54,-1,2022-05-25,2022-05-25 14:30:00,2022-05-25 14:30:00,HON22.csv,78,HON22.csv,1.0,374.38000000000005,374.38000000000005,374.54,374.38000000000005,0.15999999999996817
44707,6,0,376.74,0,2022-05-26,2022-05-26 06:00:00,2022-05-26 06:00:00,HON22.csv,1,HON22.csv,1.0,376.94,376.94,376.74,376.94,-0.19999999999998863
44707,12,0,384.23,4,2022-05-26,2022-05-26 12:00:00,2022-05-26 12:00:00,HON22.csv,25,HON22.csv,4.0,384.69,384.69,1536.92,1538.76,-1.8399999999999181
44707,16,0,385.93,3,2022-05-26,2022-05-26 16:00:00,2022-05-26 16:00:00,HON22.csv,3,HON22.csv,-1.0,386.39,386.16,385.93,386.16,0.2300000000000182
44708,6,0,385.52,5,2022-05-27,2022-05-27 06:00:00,2022-05-27 06:00:00,HON22.csv,5,HON22.csv,2.0,384.49,384.49,771.04,768.98,2.0599999999999454
44708,10,30,387.4,6,2022-05-27,2022-05-27 10:30:00,2022-05-27 10:30:00,HON22.csv,43,HON22.csv,1.0,387.31,387.31,387.4,387.31,0.08999999999997499
44708,12,0,385.63,2,2022-05-27,2022-05-27 12:00:00,2022-05-27 12:00:00,HON22.csv,21,HON22.csv,-4.0,385.58,385.58,1542.52,1542.32,-0.20000000000004547
44708,14,30,389.84,0,2022-05-27,2022-05-27 14:30:00,2022-05-27 14:30:00,HON22.csv,53,HON22.csv,-2.0,389.79,389.79,779.68,779.58,-0.09999999999990905
44708,16,0,391.41,2,2022-05-27,2022-05-27 16:00:00,2022-05-27 16:00:00,HON22.csv,6,HON22.csv,2.0,390.98,391.12,782.82,782.24,0.5800000000000409
44708,16,20,390.98,0,2022-05-27,2022-05-27 16:20:00,2022-05-27 16:20:00,HOM22.csv,1,HON22.csv,-2.0,391.16,391.04,781.96,782.08,0.12000000000000455
44711,6,0,391.39,2,2022-05-30,2022-05-30 06:00:00,2022-05-30 06:00:00,HON22.csv,1,HON22.csv,2.0,391.38000000000005,391.34,782.78,782.68,0.10000000000002274
44711,12,0,396.24,6,2022-05-30,2022-05-30 12:00:00,2022-05-30 12:00:00,HON22.csv,3,HON22.csv,4.0,395.77,395.57,1584.96,1582.28,2.6800000000000637
44711,16,0,398.12,5,2022-05-30,2022-05-30 16:00:00,2022-05-30 16:00:00,HON22.csv,20,HON22.csv,-1.0,398.36,398.07,398.12,398.07,-0.05000000000001137
44712,6,0,412.62,3,2022-05-31,2022-05-31 06:00:00,2022-05-31 06:00:00,HON22.csv,2,HON22.csv,-2.0,413.13,413.13,825.24,826.26,1.0199999999999818
44712,12,0,410.22,0,2022-05-31,2022-05-31 12:00:00,2022-05-31 12:00:00,HON22.csv,21,HON22.csv,-3.0,410.25,410.25,1230.66,1230.75,0.08999999999991815
44713,6,30,404.68,1,2022-06-01,2022-06-01 06:30:00,2022-06-01 06:30:00,HON22.csv,1,HON22.csv,1.0,404.48,404.48,404.68,404.48,0.19999999999998863
44713,10,30,408.77,3,2022-06-01,2022-06-01 10:30:00,2022-06-01 10:30:00,HON22.csv,36,HON22.csv,2.0,409.19,409.19,817.54,818.38,-0.8400000000000318
44713,12,0,411.96,6,2022-06-01,2022-06-01 12:00:00,2022-06-01 12:00:00,HON22.csv,49,HON22.csv,3.0,411.83,411.83,1235.8799999999999,1235.49,0.38999999999987267
44713,14,30,414.28,5,2022-06-01,2022-06-01 14:30:00,2022-06-01 14:30:00,HON22.csv,76,HON22.csv,-1.0,413.77,413.77,414.28,413.77,-0.5099999999999909
44713,16,0,415.81,2,2022-06-01,2022-06-01 16:00:00,2022-06-01 16:00:00,HON22.csv,3,HON22.csv,-3.0,414.16,414.16,1247.43,1242.48,-4.9500000000000455
44714,10,30,414.66,3,2022-06-02,2022-06-02 10:30:00,2022-06-02 10:30:00,HON22.csv,19,HON22.csv,1.0,413.16,413.16,414.66,413.16,1.5
44714,12,0,418.74,6,2022-06-02,2022-06-02 12:00:00,2022-06-02 12:00:00,HON22.csv,10,HON22.csv,3.0,419.8,419.8,1256.22,1259.4,-3.1800000000000637
44714,16,0,426.91,2,2022-06-02,2022-06-02 16:00:00,2022-06-02 16:00:00,HON22.csv,2,HON22.csv,-4.0,427.54,427.35,1707.64,1709.4,1.759999999999991
44715,6,0,424.23,3,2022-06-03,2022-06-03 06:00:00,2022-06-03 06:00:00,HON22.csv,2,HON22.csv,1.0,423.19,423.19,424.23,423.19,1.0400000000000205
44715,10,30,428.52,4,2022-06-03,2022-06-03 10:30:00,2022-06-03 10:30:00,HON22.csv,18,HON22.csv,1.0,428.04,428.04,428.52,428.04,0.47999999999996135
44715,12,0,430.85,6,2022-06-03,2022-06-03 12:00:00,2022-06-03 12:00:00,HON22.csv,72,HON22.csv,2.0,430.92,430.92,861.7,861.84,-0.13999999999998636
44715,14,30,428.21,5,2022-06-03,2022-06-03 14:30:00,2022-06-03 14:30:00,HON22.csv,86,HON22.csv,-1.0,429.41,429.41,428.21,429.41,1.2000000000000455
44715,16,0,434.25,1,2022-06-03,2022-06-03 16:00:00,2022-06-03 16:00:00,HON22.csv,1,HON22.csv,-4.0,434.48,434.48,1737.0,1737.92,0.9200000000000728
44715,16,20,434.1,0,2022-06-03,2022-06-03 16:20:00,2022-06-03 16:20:00,HON22.csv,4,HON22.csv,-1.0,433.68,434.02,434.1,434.02,-0.08000000000004093
44718,6,30,432.4,2,2022-06-06,2022-06-06 06:30:00,2022-06-06 06:30:00,HON22.csv,4,HON22.csv,2.0,432.29,432.29,864.8,864.58,0.2199999999999136
44718,12,0,435.34,6,2022-06-06,2022-06-06 12:00:00,2022-06-06 12:00:00,HON22.csv,41,HON22.csv,4.0,435.12,435.12,1741.36,1740.48,0.8799999999998818
44718,16,0,435.74,2,2022-06-06,2022-06-06 16:00:00,2022-06-06 16:00:00,HON22.csv,4,HON22.csv,-4.0,436.88,436.88,1742.96,1747.52,4.559999999999945
44719,6,0,433.46,3,2022-06-07,2022-06-07 06:00:00,2022-06-07 06:00:00,HON22.csv,2,HON22.csv,1.0,433.37,433.37,433.46,433.37,0.08999999999997499
44719,6,30,434.03,5,2022-06-07,2022-06-07 06:30:00,2022-06-07 06:30:00,HON22.csv,1,HON22.csv,2.0,434.02,434.02,868.06,868.04,0.01999999999998181
44719,10,30,433.31,4,2022-06-07,2022-06-07 10:30:00,2022-06-07 10:30:00,HON22.csv,15,HON22.csv,-1.0,434.69,434.69,433.31,434.69,1.3799999999999955
44719,12,0,432.99,3,2022-06-07,2022-06-07 12:00:00,2022-06-07 12:00:00,HON22.csv,33,HON22.csv,-1.0,431.8,431.8,432.99,431.8,-1.1899999999999977
44719,14,30,432.75,2,2022-06-07,2022-06-07 14:30:00,2022-06-07 14:30:00,HON22.csv,78,HON22.csv,-1.0,433.19,433.19,432.75,433.19,0.4399999999999977
44720,6,0,433.74,1,2022-06-08,2022-06-08 06:00:00,2022-06-08 06:00:00,HON22.csv,2,HON22.csv,-1.0,433.83,433.83,433.74,433.83,0.08999999999997499
44720,10,30,429.95,3,2022-06-08,2022-06-08 10:30:00,2022-06-08 10:30:00,HON22.csv,106,HON22.csv,2.0,429.36,429.36,859.9,858.72,1.17999999999995
44720,12,0,433.46,6,2022-06-08,2022-06-08 12:00:00,2022-06-08 12:00:00,HON22.csv,160,HON22.csv,3.0,432.21,432.21,1300.3799999999999,1296.6299999999999,3.75
44720,16,0,432.85,5,2022-06-08,2022-06-08 16:00:00,2022-06-08 16:00:00,HON22.csv,5,HON22.csv,-1.0,432.52,432.52,432.85,432.52,-0.3300000000000409
44721,6,30,431.56,6,2022-06-09,2022-06-09 06:30:00,2022-06-09 06:30:00,HON22.csv,3,HON22.csv,1.0,431.25,431.25,431.56,431.25,0.3100000000000023
44721,14,30,440.04,4,2022-06-09,2022-06-09 14:30:00,2022-06-09 14:30:00,HON22.csv,47,HON22.csv,-2.0,441.57,441.57,880.08,883.14,3.0599999999999454
44721,16,0,441.65,0,2022-06-09,2022-06-09 16:00:00,2022-06-09 16:00:00,HON22.csv,3,HON22.csv,-4.0,441.28,441.28,1766.6,1765.12,-1.4800000000000182
44722,12,0,434.67,2,2022-06-10,2022-06-10 12:00:00,2022-06-10 12:00:00,HON22.csv,45,HON22.csv,2.0,434.54,434.54,869.34,869.08,0.2599999999999909
44722,16,0,436.13,0,2022-06-10,2022-06-10 16:00:00,2022-06-10 16:00:00,HON22.csv,4,HON22.csv,-2.0,435.99,435.99,872.26,871.98,-0.2799999999999727
44725,4,30,429.22,-2,2022-06-13,2022-06-13 04:30:00,2022-06-13 04:30:00,HON22.csv,18,HON22.csv,-2.0,429.98,429.98,858.44,859.96,1.5199999999999818
44725,8,30,433.53,0,2022-06-13,2022-06-13 08:30:00,2022-06-13 08:30:00,HON22.csv,1,HON22.csv,2.0,433.44,433.44,867.06,866.88,0.17999999999994998
44725,10,30,428.0,-1,2022-06-13,2022-06-13 10:30:00,2022-06-13 10:30:00,HON22.csv,34,HON22.csv,-1.0,427.92,427.92,428.0,427.92,-0.07999999999998408
44725,12,0,434.02,6,2022-06-13,2022-06-13 12:00:00,2022-06-13 12:00:00,HON22.csv,69,HON22.csv,7.0,434.46,434.46,3038.14,3041.22,-3.0799999999999272
44725,16,0,428.38,5,2022-06-13,2022-06-13 16:00:00,2022-06-13 16:00:00,HON22.csv,16,HON22.csv,-1.0,427.62,427.62,428.38,427.62,-0.7599999999999909
44726,12,0,440.94,2,2022-06-14,2022-06-14 12:00:00,2022-06-14 12:00:00,HON22.csv,20,HON22.csv,-3.0,440.16,440.16,1322.82,1320.48,-2.339999999999918
44726,16,0,437.01,0,2022-06-14,2022-06-14 16:00:00,2022-06-14 16:00:00,HON22.csv,5,HON22.csv,-2.0,436.91,436.91,874.02,873.82,-0.1999999999999318
44727,6,0,436.93,2,2022-06-15,2022-06-15 06:00:00,2022-06-15 06:00:00,HON22.csv,6,HON22.csv,2.0,436.05,436.05,873.86,872.1,1.759999999999991
44727,10,30,446.48,3,2022-06-15,2022-06-15 10:30:00,2022-06-15 10:30:00,HON22.csv,89,HON22.csv,1.0,446.39,446.39,446.48,446.39,0.09000000000003183
44727,12,0,455.66,6,2022-06-15,2022-06-15 12:00:00,2022-06-15 12:00:00,HON22.csv,71,HON22.csv,3.0,455.5700000000001,455.5700000000001,1366.98,1366.7100000000003,0.26999999999975444
44727,16,0,449.99,4,2022-06-15,2022-06-15 16:00:00,2022-06-15 16:00:00,HON22.csv,3,HON22.csv,-2.0,449.76,450.18,899.98,900.36,0.37999999999999545
44728,6,0,453.63,3,2022-06-16,2022-06-16 06:00:00,2022-06-16 06:00:00,HON22.csv,1,HON22.csv,-1.0,449.74,449.74,453.63,449.74,-3.8899999999999864
44728,6,30,449.22,4,2022-06-16,2022-06-16 06:30:00,2022-06-16 06:30:00,HON22.csv,1,HON22.csv,1.0,449.13000000000005,446.58,449.22,446.58,2.640000000000043
44728,10,30,451.65,3,2022-06-16,2022-06-16 10:30:00,2022-06-16 10:30:00,HON22.csv,13,HON22.csv,-1.0,451.57,451.57,451.65,451.57,-0.07999999999998408
44728,12,0,449.24,2,2022-06-16,2022-06-16 12:00:00,2022-06-16 12:00:00,HON22.csv,6,HON22.csv,-1.0,450.03,450.03,449.24,450.03,0.7899999999999636
44728,16,0,456.0,1,2022-06-16,2022-06-16 16:00:00,2022-06-16 16:00:00,HON22.csv,14,HON22.csv,-1.0,456.39,456.39,456.0,456.39,0.38999999999998636
44729,6,0,462.98,0,2022-06-17,2022-06-17 06:00:00,2022-06-17 06:00:00,HON22.csv,1,HON22.csv,-1.0,463.22,463.22,462.98,463.22,0.2400000000000091
44729,12,0,441.07,2,2022-06-17,2022-06-17 12:00:00,2022-06-17 12:00:00,HON22.csv,18,HON22.csv,2.0,439.64,439.64,882.14,879.28,2.8600000000000136
44729,16,0,435.45,0,2022-06-17,2022-06-17 16:00:00,2022-06-17 16:00:00,HON22.csv,1,HON22.csv,-2.0,435.54,435.54,870.9,871.08,0.18000000000006366
44732,4,30,423.22,1,2022-06-20,2022-06-20 04:30:00,2022-06-20 04:30:00,HON22.csv,8,HON22.csv,1.0,436.31,435.26,423.22,435.26,-12.039999999999964
44732,6,0,425.2,3,2022-06-20,2022-06-20 06:00:00,2022-06-20 06:00:00,HON22.csv,1,HON22.csv,2.0,437.61,437.76,850.4,875.52,-25.120000000000005
44732,8,30,427.36,2,2022-06-20,2022-06-20 08:30:00,2022-06-20 08:30:00,HON22.csv,1,HON22.csv,-1.0,440.59,440.59,427.36,440.59,13.229999999999961
44732,12,0,430.49,4,2022-06-20,2022-06-20 12:00:00,2022-06-20 12:00:00,HON22.csv,2,HON22.csv,2.0,446.5100000000001,446.05,860.98,892.1,-31.120000000000005
44733,4,30,439.48,1,2022-06-21,2022-06-21 04:30:00,2022-06-21 04:30:00,HON22.csv,2,HON22.csv,-3.0,452.02,451.28,1318.44,1353.84,35.399999999999864
44733,6,0,439.93,-1,2022-06-21,2022-06-21 06:00:00,2022-06-21 06:00:00,HON22.csv,2,HON22.csv,-2.0,452.39,452.39,879.86,904.78,24.91999999999996
44733,8,30,434.73,2,2022-06-21,2022-06-21 08:30:00,2022-06-21 08:30:00,HON22.csv,2,HON22.csv,3.0,446.37,446.46,1304.19,1339.3799999999999,-35.18999999999983
44733,10,30,436.03,3,2022-06-21,2022-06-21 10:30:00,2022-06-21 10:30:00,HON22.csv,7,HON22.csv,1.0,453.25,453.25,436.03,453.25,-17.220000000000027
44733,12,0,435.2,2,2022-06-21,2022-06-21 12:00:00,2022-06-21 12:00:00,HON22.csv,1,HON22.csv,-1.0,448.17,448.91,435.2,448.91,13.710000000000036
44733,14,30,424.11,1,2022-06-21,2022-06-21 14:30:00,2022-06-21 14:30:00,HON22.csv,75,HON22.csv,-1.0,438.72,438.72,424.11,438.72,14.610000000000014
44734,4,30,416.95,2,2022-06-22,2022-06-22 04:30:00,2022-06-22 04:30:00,HON22.csv,2,HON22.csv,1.0,428.42,431.19,416.95,431.19,-14.240000000000009
44734,8,30,417.98,1,2022-06-22,2022-06-22 08:30:00,2022-06-22 08:30:00,HON22.csv,1,HON22.csv,-1.0,429.1,428.75,417.98,428.75,10.769999999999982
44736,12,0,423.43,3,2022-06-24,2022-06-24 12:00:00,2022-06-24 12:00:00,HON22.csv,8,HON22.csv,2.0,435.62,435.62,846.86,871.24,-24.379999999999995
44736,16,0,424.33,0,2022-06-24,2022-06-24 16:00:00,2022-06-24 16:00:00,HON22.csv,17,HON22.csv,-3.0,435.81,435.43,1272.99,1306.29,33.299999999999955
44739,6,0,420.67,-1,2022-06-27,2022-06-27 06:00:00,2022-06-27 06:00:00,HON22.csv,5,HON22.csv,-1.0,435.88,433.79,420.67,433.79,13.120000000000005
44739,12,0,416.79,-2,2022-06-27,2022-06-27 12:00:00,2022-06-27 12:00:00,HON22.csv,8,HON22.csv,-1.0,427.99,427.99,416.79,427.99,11.199999999999989
44739,16,0,414.48,-1,2022-06-27,2022-06-27 16:00:00,2022-06-27 16:00:00,HON22.csv,2,HON22.csv,1.0,428.41,425.8,414.48,425.8,-11.319999999999993
44740,6,0,416.01,0,2022-06-28,2022-06-28 06:00:00,2022-06-28 06:00:00,HON22.csv,1,HON22.csv,1.0,421.7600000000001,424.1,416.01,424.1,-8.090000000000032
44740,12,0,405.25,2,2022-06-28,2022-06-28 12:00:00,2022-06-28 12:00:00,HON22.csv,1,HON22.csv,2.0,416.54,416.54,810.5,833.08,-22.58000000000004
44740,16,0,411.33,0,2022-06-28,2022-06-28 16:00:00,2022-06-28 16:00:00,HON22.csv,5,HON22.csv,-2.0,419.07,418.98,822.66,837.96,15.300000000000068
44741,4,30,404.1,1,2022-06-29,2022-06-29 04:30:00,2022-06-29 04:30:00,HON22.csv,3,HON22.csv,1.0,413.34,412.09,404.1,412.09,-7.989999999999952
44741,6,0,403.56,0,2022-06-29,2022-06-29 06:00:00,2022-06-29 06:00:00,HON22.csv,1,HON22.csv,-1.0,415.01,412.91,403.56,412.91,9.350000000000023
44741,6,30,404.88,-1,2022-06-29,2022-06-29 06:30:00,2022-06-29 06:30:00,HON22.csv,1,HON22.csv,-1.0,415.01,414.33,404.88,414.33,9.449999999999989
44741,8,30,410.01,-2,2022-06-29,2022-06-29 08:30:00,2022-06-29 08:30:00,HON22.csv,1,HON22.csv,-1.0,417.59,418.32,410.01,418.32,8.310000000000002
44741,10,30,414.78,-1,2022-06-29,2022-06-29 10:30:00,2022-06-29 10:30:00,HON22.csv,2,HON22.csv,1.0,416.2600000000001,417.0,414.78,417.0,-2.2200000000000273
44741,12,0,403.63,1,2022-06-29,2022-06-29 12:00:00,2022-06-29 12:00:00,HON22.csv,1,HON22.csv,2.0,409.96,409.54,807.26,819.08,-11.82000000000005
44742,4,30,389.57,3,2022-06-30,2022-06-30 04:30:00,2022-06-30 04:30:00,HON22.csv,1,HON22.csv,2.0,401.91,405.0,779.14,810.0,-30.860000000000014
44742,6,30,397.01,-2,2022-06-30,2022-06-30 06:30:00,2022-06-30 06:30:00,HON22.csv,2,HON22.csv,-5.0,402.09,401.8,1985.05,2009.0,23.950000000000045
44742,8,30,394.92,-4,2022-06-30,2022-06-30 08:30:00,2022-06-30 08:30:00,HON22.csv,3,HON22.csv,-2.0,397.71,401.5,789.84,803.0,13.159999999999968
44742,10,30,380.83,1,2022-06-30,2022-06-30 10:30:00,2022-06-30 10:30:00,HON22.csv,2,HON22.csv,5.0,387.18,382.91,1904.1499999999999,1914.5500000000002,-10.400000000000318
44742,12,0,382.23,-1,2022-06-30,2022-06-30 12:00:00,2022-06-30 12:00:00,HON22.csv,1,HON22.csv,-2.0,393.76,388.8,764.46,777.6,13.139999999999986
