,day,hour,min,price,inventory,date,timestamp,minute,main_contract,main_volume,main_contract_clean,signal,opti_price
0,43984,2,30,125.14,-5,2020-06-02,2020-06-02 02:30:00,2020-06-02 02:30:00,BPM20.csv,100,BPM20.csv,-5.0,125.16
1,43984,4,0,125.12,-7,2020-06-02,2020-06-02 04:00:00,2020-06-02 04:00:00,BPM20.csv,176,BPM20.csv,-2.0,125.14
2,43984,6,30,125.58,-2,2020-06-02,2020-06-02 06:30:00,2020-06-02 06:30:00,BPM20.csv,90,BPM20.csv,5.0,125.56
3,43984,8,0,125.42,0,2020-06-02,2020-06-02 08:00:00,2020-06-02 08:00:00,BPM20.csv,1122,BPM20.csv,2.0,125.4
4,43984,9,0,125.49,11,2020-06-02,2020-06-02 09:00:00,2020-06-02 09:00:00,BPM20.csv,75,BPM20.csv,11.0,125.47
5,43984,11,0,125.58,-3,2020-06-02,2020-06-02 11:00:00,2020-06-02 11:00:00,BPM20.csv,410,BPM20.csv,-14.0,125.6
6,43984,13,0,125.4,0,2020-06-02,2020-06-02 13:00:00,2020-06-02 13:00:00,BPM20.csv,99,BPM20.csv,3.0,125.38000000000001
7,43985,4,0,125.87,-4,2020-06-03,2020-06-03 04:00:00,2020-06-03 04:00:00,BPM20.csv,136,BPM20.csv,-4.0,125.89
8,43985,6,30,125.98,-8,2020-06-03,2020-06-03 06:30:00,2020-06-03 06:30:00,BPM20.csv,220,BPM20.csv,-4.0,126.0
9,43985,8,0,125.64,-4,2020-06-03,2020-06-03 08:00:00,2020-06-03 08:00:00,BPM20.csv,118,BPM20.csv,4.0,125.62
10,43985,10,30,125.72,0,2020-06-03,2020-06-03 10:30:00,2020-06-03 10:30:00,BPM20.csv,149,BPM20.csv,4.0,125.7
11,43985,11,0,125.97,-5,2020-06-03,2020-06-03 11:00:00,2020-06-03 11:00:00,BPM20.csv,481,BPM20.csv,-5.0,125.99
12,43985,13,0,125.92,0,2020-06-03,2020-06-03 13:00:00,2020-06-03 13:00:00,BPM20.csv,53,BPM20.csv,5.0,125.9
13,43985,15,0,125.88,-3,2020-06-03,2020-06-03 15:00:00,2020-06-03 15:00:00,BPM20.csv,55,BPM20.csv,-3.0,125.89999999999999
14,43986,8,0,125.7,-15,2020-06-04,2020-06-04 08:00:00,2020-06-04 08:00:00,BPM20.csv,287,BPM20.csv,-12.0,125.72
15,43986,9,0,125.39,3,2020-06-04,2020-06-04 09:00:00,2020-06-04 09:00:00,BPM20.csv,315,BPM20.csv,18.0,125.37
16,43986,11,0,126.1,-9,2020-06-04,2020-06-04 11:00:00,2020-06-04 11:00:00,BPM20.csv,288,BPM20.csv,-12.0,126.11999999999999
17,43986,13,0,126.02,-3,2020-06-04,2020-06-04 13:00:00,2020-06-04 13:00:00,BPM20.csv,58,BPM20.csv,6.0,126.0
18,43986,15,0,126.11,0,2020-06-04,2020-06-04 15:00:00,2020-06-04 15:00:00,BPM20.csv,293,BPM20.csv,3.0,126.09
19,43987,2,30,126.59,-6,2020-06-05,2020-06-05 02:30:00,2020-06-05 02:30:00,BPM20.csv,148,BPM20.csv,-6.0,126.61
20,43987,6,0,126.33,-8,2020-06-05,2020-06-05 06:00:00,2020-06-05 06:00:00,BPM20.csv,20,BPM20.csv,-2.0,126.35
21,43987,6,30,126.26,-2,2020-06-05,2020-06-05 06:30:00,2020-06-05 06:30:00,BPM20.csv,141,BPM20.csv,6.0,126.24000000000001
22,43987,8,0,126.64,-12,2020-06-05,2020-06-05 08:00:00,2020-06-05 08:00:00,BPM20.csv,125,BPM20.csv,-10.0,126.66
23,43987,9,0,126.58,7,2020-06-05,2020-06-05 09:00:00,2020-06-05 09:00:00,BPM20.csv,282,BPM20.csv,19.0,126.56
24,43987,11,0,127.26,-14,2020-06-05,2020-06-05 11:00:00,2020-06-05 11:00:00,BPM20.csv,357,BPM20.csv,-21.0,127.28
25,43987,13,0,126.81,-2,2020-06-05,2020-06-05 13:00:00,2020-06-05 13:00:00,BPM20.csv,58,BPM20.csv,12.0,126.79
26,43987,16,15,126.67,0,2020-06-05,2020-06-05 16:15:00,2020-06-05 16:15:00,BPM20.csv,36,BPM20.csv,2.0,126.65
27,43990,2,30,126.95,-9,2020-06-08,2020-06-08 02:30:00,2020-06-08 02:30:00,BPM20.csv,45,BPM20.csv,-9.0,126.97
28,43990,6,30,126.48,-8,2020-06-08,2020-06-08 06:30:00,2020-06-08 06:30:00,BPM20.csv,40,BPM20.csv,1.0,126.46000000000001
29,43990,9,0,126.69,-2,2020-06-08,2020-06-08 09:00:00,2020-06-08 09:00:00,BPM20.csv,75,BPM20.csv,6.0,126.67
30,43990,10,30,126.88,3,2020-06-08,2020-06-08 10:30:00,2020-06-08 10:30:00,BPM20.csv,111,BPM20.csv,5.0,126.86
31,43990,11,0,126.98,-5,2020-06-08,2020-06-08 11:00:00,2020-06-08 11:00:00,BPM20.csv,250,BPM20.csv,-8.0,127.0
32,43990,13,0,126.98,-3,2020-06-08,2020-06-08 13:00:00,2020-06-08 13:00:00,BPM20.csv,86,BPM20.csv,2.0,126.96000000000001
33,43991,2,30,127.12,0,2020-06-09,2020-06-09 02:30:00,2020-06-09 02:30:00,BPM20.csv,98,BPM20.csv,3.0,127.10000000000001
34,43991,4,0,126.72,-3,2020-06-09,2020-06-09 04:00:00,2020-06-09 04:00:00,BPM20.csv,64,BPM20.csv,-3.0,126.74
35,43991,8,0,126.7,0,2020-06-09,2020-06-09 08:00:00,2020-06-09 08:00:00,BPM20.csv,232,BPM20.csv,3.0,126.68
36,43991,9,0,126.61,6,2020-06-09,2020-06-09 09:00:00,2020-06-09 09:00:00,BPM20.csv,181,BPM20.csv,6.0,126.59
37,43991,11,0,127.21,0,2020-06-09,2020-06-09 11:00:00,2020-06-09 11:00:00,BPM20.csv,177,BPM20.csv,-6.0,127.22999999999999
38,43992,2,30,127.65,-14,2020-06-10,2020-06-10 02:30:00,2020-06-10 02:30:00,BPM20.csv,38,BPM20.csv,-14.0,127.67
39,43992,6,30,127.39,-11,2020-06-10,2020-06-10 06:30:00,2020-06-10 06:30:00,BPM20.csv,127,BPM20.csv,3.0,127.37
40,43992,9,0,127.88,-3,2020-06-10,2020-06-10 09:00:00,2020-06-10 09:00:00,BPM20.csv,79,BPM20.csv,8.0,127.86
41,43992,10,30,127.59,0,2020-06-10,2020-06-10 10:30:00,2020-06-10 10:30:00,BPM20.csv,59,BPM20.csv,3.0,127.57000000000001
42,43992,11,0,127.55,-8,2020-06-10,2020-06-10 11:00:00,2020-06-10 11:00:00,BPM20.csv,224,BPM20.csv,-8.0,127.57
43,43993,2,30,126.82,0,2020-06-11,2020-06-11 02:30:00,2020-06-11 02:30:00,BPM20.csv,68,BPM20.csv,8.0,126.8
44,43993,4,0,126.8,-2,2020-06-11,2020-06-11 04:00:00,2020-06-11 04:00:00,BPM20.csv,163,BPM20.csv,-2.0,126.82
45,43993,6,0,126.94,-4,2020-06-11,2020-06-11 06:00:00,2020-06-11 06:00:00,BPM20.csv,115,BPM20.csv,-2.0,126.96
46,43993,6,30,126.88,-9,2020-06-11,2020-06-11 06:30:00,2020-06-11 06:30:00,BPM20.csv,12,BPM20.csv,-5.0,126.89999999999999
47,43993,8,0,126.53,-7,2020-06-11,2020-06-11 08:00:00,2020-06-11 08:00:00,BPM20.csv,49,BPM20.csv,2.0,126.51
48,43993,10,30,126.74,-2,2020-06-11,2020-06-11 10:30:00,2020-06-11 10:30:00,BPM20.csv,153,BPM20.csv,5.0,126.72
49,43993,11,0,126.44,1,2020-06-11,2020-06-11 11:00:00,2020-06-11 11:00:00,BPM20.csv,154,BPM20.csv,3.0,126.42
50,43993,13,0,126.25,-2,2020-06-11,2020-06-11 13:00:00,2020-06-11 13:00:00,BPM20.csv,280,BPM20.csv,-3.0,126.27
51,43994,2,30,125.9,-5,2020-06-12,2020-06-12 02:30:00,2020-06-12 02:30:00,BPU20.csv,40,BPU20.csv,-3.0,125.92
52,43994,6,30,126.53,-9,2020-06-12,2020-06-12 06:30:00,2020-06-12 06:30:00,BPU20.csv,36,BPU20.csv,-4.0,126.55
53,43994,9,0,126.0,-13,2020-06-12,2020-06-12 09:00:00,2020-06-12 09:00:00,BPU20.csv,234,BPU20.csv,-4.0,126.03
54,43994,10,30,125.82,-9,2020-06-12,2020-06-12 10:30:00,2020-06-12 10:30:00,BPU20.csv,115,BPU20.csv,4.0,125.8
55,43994,11,0,125.48,10,2020-06-12,2020-06-12 11:00:00,2020-06-12 11:00:00,BPU20.csv,815,BPU20.csv,19.0,125.46000000000001
56,43994,13,0,125.11,-5,2020-06-12,2020-06-12 13:00:00,2020-06-12 13:00:00,BPU20.csv,92,BPU20.csv,-15.0,125.14
57,43994,16,15,125.32,0,2020-06-12,2020-06-12 16:15:00,2020-06-12 16:15:00,BPU20.csv,92,BPU20.csv,5.0,125.28999999999999
58,43997,8,0,125.55,-9,2020-06-15,2020-06-15 08:00:00,2020-06-15 08:00:00,BPU20.csv,309,BPU20.csv,-9.0,125.57
59,43997,11,0,125.71,-2,2020-06-15,2020-06-15 11:00:00,2020-06-15 11:00:00,BPU20.csv,340,BPU20.csv,7.0,125.69
60,43997,13,0,125.71,0,2020-06-15,2020-06-15 13:00:00,2020-06-15 13:00:00,BPU20.csv,62,BPU20.csv,2.0,125.67999999999999
61,43998,2,30,126.69,-8,2020-06-16,2020-06-16 02:30:00,2020-06-16 02:30:00,BPU20.csv,52,BPU20.csv,-8.0,126.72
62,43998,6,0,126.67,-10,2020-06-16,2020-06-16 06:00:00,2020-06-16 06:00:00,BPU20.csv,67,BPU20.csv,-2.0,126.7
63,43998,6,30,126.66,-5,2020-06-16,2020-06-16 06:30:00,2020-06-16 06:30:00,BPU20.csv,188,BPU20.csv,5.0,126.63
64,43998,8,0,126.57,-10,2020-06-16,2020-06-16 08:00:00,2020-06-16 08:00:00,BPU20.csv,68,BPU20.csv,-5.0,126.6
65,43998,9,0,126.75,-2,2020-06-16,2020-06-16 09:00:00,2020-06-16 09:00:00,BPU20.csv,169,BPU20.csv,8.0,126.72
66,43998,11,0,125.73,-3,2020-06-16,2020-06-16 11:00:00,2020-06-16 11:00:00,BPU20.csv,555,BPU20.csv,-1.0,125.77000000000001
67,43998,13,0,125.99,-5,2020-06-16,2020-06-16 13:00:00,2020-06-16 13:00:00,BPU20.csv,85,BPU20.csv,-2.0,126.02
68,43999,2,30,125.82,-4,2020-06-17,2020-06-17 02:30:00,2020-06-17 02:30:00,BPU20.csv,46,BPU20.csv,1.0,125.78999999999999
69,43999,6,0,125.41,-6,2020-06-17,2020-06-17 06:00:00,2020-06-17 06:00:00,BPU20.csv,119,BPU20.csv,-2.0,125.44
70,43999,6,30,125.63,-4,2020-06-17,2020-06-17 06:30:00,2020-06-17 06:30:00,BPU20.csv,157,BPU20.csv,2.0,125.61
71,44000,2,30,125.54,-6,2020-06-18,2020-06-18 02:30:00,2020-06-18 02:30:00,BPU20.csv,98,BPU20.csv,-2.0,125.56
72,44000,6,0,125.01,-4,2020-06-18,2020-06-18 06:00:00,2020-06-18 06:00:00,BPU20.csv,100,BPU20.csv,2.0,124.99000000000001
73,44000,6,30,124.87,-8,2020-06-18,2020-06-18 06:30:00,2020-06-18 06:30:00,BPU20.csv,186,BPU20.csv,-4.0,124.9
74,44000,9,0,124.54,-13,2020-06-18,2020-06-18 09:00:00,2020-06-18 09:00:00,BPU20.csv,393,BPU20.csv,-5.0,124.57000000000001
75,44000,10,30,124.22,-7,2020-06-18,2020-06-18 10:30:00,2020-06-18 10:30:00,BPU20.csv,271,BPU20.csv,6.0,124.19
76,44000,11,0,124.25,5,2020-06-18,2020-06-18 11:00:00,2020-06-18 11:00:00,BPU20.csv,257,BPU20.csv,12.0,124.23
77,44000,13,0,124.17,-2,2020-06-18,2020-06-18 13:00:00,2020-06-18 13:00:00,BPU20.csv,297,BPU20.csv,-7.0,124.2
78,44001,2,30,124.49,-6,2020-06-19,2020-06-19 02:30:00,2020-06-19 02:30:00,BPU20.csv,48,BPU20.csv,-4.0,124.50999999999999
79,44001,6,0,124.24,-9,2020-06-19,2020-06-19 06:00:00,2020-06-19 06:00:00,BPU20.csv,115,BPU20.csv,-3.0,124.25999999999999
80,44001,6,30,123.87,-11,2020-06-19,2020-06-19 06:30:00,2020-06-19 06:30:00,BPU20.csv,94,BPU20.csv,-2.0,123.9
81,44001,8,0,123.78,-17,2020-06-19,2020-06-19 08:00:00,2020-06-19 08:00:00,BPU20.csv,269,BPU20.csv,-6.0,123.8
82,44001,10,30,123.78,-11,2020-06-19,2020-06-19 10:30:00,2020-06-19 10:30:00,BPU20.csv,282,BPU20.csv,6.0,123.76
83,44001,11,0,123.66,7,2020-06-19,2020-06-19 11:00:00,2020-06-19 11:00:00,BPU20.csv,939,BPU20.csv,18.0,123.64
84,44001,13,0,123.74,-5,2020-06-19,2020-06-19 13:00:00,2020-06-19 13:00:00,BPU20.csv,85,BPU20.csv,-12.0,123.75999999999999
85,44001,15,0,123.61,-1,2020-06-19,2020-06-19 15:00:00,2020-06-19 15:00:00,BPU20.csv,171,BPU20.csv,4.0,123.59
86,44001,16,15,123.58,0,2020-06-19,2020-06-19 16:15:00,2020-06-19 16:15:00,BPU20.csv,5,BPU20.csv,1.0,123.55
87,44004,9,0,124.12,-3,2020-06-22,2020-06-22 09:00:00,2020-06-22 09:00:00,BPU20.csv,104,BPU20.csv,-3.0,124.14
88,44004,11,0,124.52,0,2020-06-22,2020-06-22 11:00:00,2020-06-22 11:00:00,BPU20.csv,580,BPU20.csv,3.0,124.5
89,44004,15,0,124.78,2,2020-06-22,2020-06-22 15:00:00,2020-06-22 15:00:00,BPU20.csv,375,BPU20.csv,2.0,124.76
90,44005,8,0,124.77,-8,2020-06-23,2020-06-23 08:00:00,2020-06-23 08:00:00,BPU20.csv,49,BPU20.csv,-10.0,124.78999999999999
91,44005,9,0,125.03,6,2020-06-23,2020-06-23 09:00:00,2020-06-23 09:00:00,BPU20.csv,38,BPU20.csv,14.0,125.0
92,44005,11,0,125.29,-1,2020-06-23,2020-06-23 11:00:00,2020-06-23 11:00:00,BPU20.csv,358,BPU20.csv,-7.0,125.31
93,44005,13,0,125.22,2,2020-06-23,2020-06-23 13:00:00,2020-06-23 13:00:00,BPU20.csv,80,BPU20.csv,3.0,125.19
94,44005,15,0,125.29,0,2020-06-23,2020-06-23 15:00:00,2020-06-23 15:00:00,BPU20.csv,517,BPU20.csv,-2.0,125.31
95,44006,2,30,125.16,-2,2020-06-24,2020-06-24 02:30:00,2020-06-24 02:30:00,BPU20.csv,16,BPU20.csv,-2.0,125.17999999999999
96,44006,6,30,125.22,-3,2020-06-24,2020-06-24 06:30:00,2020-06-24 06:30:00,BPU20.csv,88,BPU20.csv,-1.0,125.24
97,44006,8,0,124.93,4,2020-06-24,2020-06-24 08:00:00,2020-06-24 08:00:00,BPU20.csv,230,BPU20.csv,7.0,124.91000000000001
98,44006,9,0,125.0,-3,2020-06-24,2020-06-24 09:00:00,2020-06-24 09:00:00,BPU20.csv,55,BPU20.csv,-7.0,125.02
99,44006,10,30,124.8,0,2020-06-24,2020-06-24 10:30:00,2020-06-24 10:30:00,BPU20.csv,92,BPU20.csv,3.0,124.78
100,44007,6,0,124.46,-3,2020-06-25,2020-06-25 06:00:00,2020-06-25 06:00:00,BPU20.csv,52,BPU20.csv,-3.0,124.47999999999999
101,44007,15,0,124.14,-6,2020-06-25,2020-06-25 15:00:00,2020-06-25 15:00:00,BPU20.csv,88,BPU20.csv,-3.0,124.16
102,44008,2,30,124.22,-4,2020-06-26,2020-06-26 02:30:00,2020-06-26 02:30:00,BPU20.csv,23,BPU20.csv,2.0,124.2
103,44008,6,0,123.94,-1,2020-06-26,2020-06-26 06:00:00,2020-06-26 06:00:00,BPU20.csv,109,BPU20.csv,3.0,123.92
104,44008,9,0,123.79,-13,2020-06-26,2020-06-26 09:00:00,2020-06-26 09:00:00,BPU20.csv,134,BPU20.csv,-12.0,123.82000000000001
105,44008,11,0,123.24,16,2020-06-26,2020-06-26 11:00:00,2020-06-26 11:00:00,BPU20.csv,383,BPU20.csv,29.0,123.22
106,44008,13,0,123.53,-1,2020-06-26,2020-06-26 13:00:00,2020-06-26 13:00:00,BPU20.csv,43,BPU20.csv,-17.0,123.55
107,44008,16,15,123.44,0,2020-06-26,2020-06-26 16:15:00,2020-06-26 16:15:00,BPU20.csv,16,BPU20.csv,1.0,123.42
108,44011,2,30,123.93,-4,2020-06-29,2020-06-29 02:30:00,2020-06-29 02:30:00,BPU20.csv,78,BPU20.csv,-4.0,123.95
109,44011,8,0,123.22,-9,2020-06-29,2020-06-29 08:00:00,2020-06-29 08:00:00,BPU20.csv,21,BPU20.csv,-5.0,123.24
110,44011,9,0,123.26,-13,2020-06-29,2020-06-29 09:00:00,2020-06-29 09:00:00,BPU20.csv,92,BPU20.csv,-4.0,123.28
111,44011,10,30,122.93,-9,2020-06-29,2020-06-29 10:30:00,2020-06-29 10:30:00,BPU20.csv,45,BPU20.csv,4.0,122.91000000000001
112,44011,11,0,122.71,12,2020-06-29,2020-06-29 11:00:00,2020-06-29 11:00:00,BPU20.csv,206,BPU20.csv,21.0,122.69
113,44011,13,0,122.87,0,2020-06-29,2020-06-29 13:00:00,2020-06-29 13:00:00,BPU20.csv,79,BPU20.csv,-12.0,122.89
114,44012,8,0,122.77,-6,2020-06-30,2020-06-30 08:00:00,2020-06-30 08:00:00,BPU20.csv,217,BPU20.csv,-6.0,122.78999999999999
115,44012,11,0,123.62,0,2020-06-30,2020-06-30 11:00:00,2020-06-30 11:00:00,BPU20.csv,964,BPU20.csv,6.0,123.60000000000001
116,44013,6,0,124.02,3,2020-07-01,2020-07-01 06:00:00,2020-07-01 06:00:00,BPU20.csv,137,BPU20.csv,3.0,124.0
117,44013,6,30,124.2,5,2020-07-01,2020-07-01 06:30:00,2020-07-01 06:30:00,BPU20.csv,27,BPU20.csv,2.0,124.18
118,44013,9,0,124.2,12,2020-07-01,2020-07-01 09:00:00,2020-07-01 09:00:00,BPU20.csv,75,BPU20.csv,7.0,124.18
119,44013,10,30,124.57,10,2020-07-01,2020-07-01 10:30:00,2020-07-01 10:30:00,BPU20.csv,302,BPU20.csv,-2.0,124.58999999999999
120,44013,11,0,124.63,-1,2020-07-01,2020-07-01 11:00:00,2020-07-01 11:00:00,BPU20.csv,279,BPU20.csv,-11.0,124.64999999999999
121,44013,13,0,124.87,3,2020-07-01,2020-07-01 13:00:00,2020-07-01 13:00:00,BPU20.csv,108,BPU20.csv,4.0,124.85000000000001
122,44014,2,30,125.02,-1,2020-07-02,2020-07-02 02:30:00,2020-07-02 02:30:00,BPU20.csv,58,BPU20.csv,-4.0,125.03999999999999
123,44014,6,0,125.22,-4,2020-07-02,2020-07-02 06:00:00,2020-07-02 06:00:00,BPU20.csv,33,BPU20.csv,-3.0,125.24
124,44014,6,30,125.24,0,2020-07-02,2020-07-02 06:30:00,2020-07-02 06:30:00,BPU20.csv,51,BPU20.csv,4.0,125.22
125,44014,8,0,125.24,-9,2020-07-02,2020-07-02 08:00:00,2020-07-02 08:00:00,BPU20.csv,72,BPU20.csv,-9.0,125.25999999999999
126,44014,9,0,124.96,8,2020-07-02,2020-07-02 09:00:00,2020-07-02 09:00:00,BPU20.csv,606,BPU20.csv,17.0,124.94
127,44014,11,0,124.71,0,2020-07-02,2020-07-02 11:00:00,2020-07-02 11:00:00,BPU20.csv,214,BPU20.csv,-8.0,124.72999999999999
128,44015,8,0,124.58,6,2020-07-03,2020-07-03 08:00:00,2020-07-03 08:00:00,BPU20.csv,28,BPU20.csv,6.0,124.56
129,44015,9,0,124.62,0,2020-07-03,2020-07-03 09:00:00,2020-07-03 09:00:00,BPU20.csv,35,BPU20.csv,-6.0,124.64
130,44018,2,30,125.02,-6,2020-07-06,2020-07-06 02:30:00,2020-07-06 02:30:00,BPU20.csv,24,BPU20.csv,-6.0,125.03999999999999
131,44018,6,30,124.93,0,2020-07-06,2020-07-06 06:30:00,2020-07-06 06:30:00,BPU20.csv,22,BPU20.csv,6.0,124.91000000000001
132,44018,9,0,125.16,7,2020-07-06,2020-07-06 09:00:00,2020-07-06 09:00:00,BPU20.csv,92,BPU20.csv,7.0,125.14
133,44018,11,0,125.15,-3,2020-07-06,2020-07-06 11:00:00,2020-07-06 11:00:00,BPU20.csv,394,BPU20.csv,-10.0,125.17
134,44018,13,0,124.9,0,2020-07-06,2020-07-06 13:00:00,2020-07-06 13:00:00,BPU20.csv,23,BPU20.csv,3.0,124.88000000000001
135,44018,15,0,125.03,2,2020-07-06,2020-07-06 15:00:00,2020-07-06 15:00:00,BPU20.csv,144,BPU20.csv,2.0,125.01
136,44019,2,30,124.94,5,2020-07-07,2020-07-07 02:30:00,2020-07-07 02:30:00,BPU20.csv,5,BPU20.csv,3.0,124.92
137,44019,6,30,124.88,7,2020-07-07,2020-07-07 06:30:00,2020-07-07 06:30:00,BPU20.csv,98,BPU20.csv,2.0,124.86
138,44019,8,0,125.25,1,2020-07-07,2020-07-07 08:00:00,2020-07-07 08:00:00,BPU20.csv,189,BPU20.csv,-6.0,125.27
139,44019,9,0,125.43,7,2020-07-07,2020-07-07 09:00:00,2020-07-07 09:00:00,BPU20.csv,170,BPU20.csv,6.0,125.41000000000001
140,44019,11,0,125.81,0,2020-07-07,2020-07-07 11:00:00,2020-07-07 11:00:00,BPU20.csv,145,BPU20.csv,-7.0,125.83
141,44019,13,0,125.65,7,2020-07-07,2020-07-07 13:00:00,2020-07-07 13:00:00,BPU20.csv,46,BPU20.csv,7.0,125.63000000000001
142,44019,15,0,125.59,2,2020-07-07,2020-07-07 15:00:00,2020-07-07 15:00:00,BPU20.csv,241,BPU20.csv,-5.0,125.61
143,44020,2,30,125.55,-5,2020-07-08,2020-07-08 02:30:00,2020-07-08 02:30:00,BPU20.csv,40,BPU20.csv,-7.0,125.57
144,44020,4,0,125.54,-7,2020-07-08,2020-07-08 04:00:00,2020-07-08 04:00:00,BPU20.csv,31,BPU20.csv,-2.0,125.56
145,44020,6,30,125.3,-5,2020-07-08,2020-07-08 06:30:00,2020-07-08 06:30:00,BPU20.csv,35,BPU20.csv,2.0,125.28
146,44020,8,0,125.63,-3,2020-07-08,2020-07-08 08:00:00,2020-07-08 08:00:00,BPU20.csv,416,BPU20.csv,2.0,125.61
147,44020,9,0,125.5,2,2020-07-08,2020-07-08 09:00:00,2020-07-08 09:00:00,BPU20.csv,91,BPU20.csv,5.0,125.48
148,44020,11,0,126.0,-7,2020-07-08,2020-07-08 11:00:00,2020-07-08 11:00:00,BPU20.csv,400,BPU20.csv,-9.0,126.02
149,44020,13,0,126.08,-3,2020-07-08,2020-07-08 13:00:00,2020-07-08 13:00:00,BPU20.csv,46,BPU20.csv,4.0,126.06
150,44020,15,0,126.26,0,2020-07-08,2020-07-08 15:00:00,2020-07-08 15:00:00,BPU20.csv,130,BPU20.csv,3.0,126.24000000000001
151,44021,2,30,126.44,-2,2020-07-09,2020-07-09 02:30:00,2020-07-09 02:30:00,BPU20.csv,55,BPU20.csv,-2.0,126.46
152,44021,6,30,126.54,4,2020-07-09,2020-07-09 06:30:00,2020-07-09 06:30:00,BPU20.csv,57,BPU20.csv,6.0,126.52000000000001
153,44021,8,0,126.58,-8,2020-07-09,2020-07-09 08:00:00,2020-07-09 08:00:00,BPU20.csv,89,BPU20.csv,-12.0,126.6
154,44021,9,0,126.64,12,2020-07-09,2020-07-09 09:00:00,2020-07-09 09:00:00,BPU20.csv,98,BPU20.csv,20.0,126.62
155,44021,11,0,126.21,7,2020-07-09,2020-07-09 11:00:00,2020-07-09 11:00:00,BPU20.csv,272,BPU20.csv,-5.0,126.22999999999999
156,44021,13,0,126.14,4,2020-07-09,2020-07-09 13:00:00,2020-07-09 13:00:00,BPU20.csv,45,BPU20.csv,-3.0,126.16
157,44021,15,0,126.26,1,2020-07-09,2020-07-09 15:00:00,2020-07-09 15:00:00,BPU20.csv,115,BPU20.csv,-3.0,126.28
158,44022,4,0,125.94,-1,2020-07-10,2020-07-10 04:00:00,2020-07-10 04:00:00,BPU20.csv,83,BPU20.csv,-2.0,125.96
159,44022,6,0,126.14,2,2020-07-10,2020-07-10 06:00:00,2020-07-10 06:00:00,BPU20.csv,56,BPU20.csv,3.0,126.12
160,44022,8,0,126.05,4,2020-07-10,2020-07-10 08:00:00,2020-07-10 08:00:00,BPU20.csv,80,BPU20.csv,2.0,126.03
161,44022,9,0,126.19,12,2020-07-10,2020-07-10 09:00:00,2020-07-10 09:00:00,BPU20.csv,118,BPU20.csv,8.0,126.17
162,44022,11,0,126.66,2,2020-07-10,2020-07-10 11:00:00,2020-07-10 11:00:00,BPU20.csv,298,BPU20.csv,-10.0,126.67999999999999
163,44022,13,0,126.32,4,2020-07-10,2020-07-10 13:00:00,2020-07-10 13:00:00,BPU20.csv,95,BPU20.csv,2.0,126.3
164,44022,15,0,126.32,7,2020-07-10,2020-07-10 15:00:00,2020-07-10 15:00:00,BPU20.csv,449,BPU20.csv,3.0,126.3
165,44022,16,15,126.32,0,2020-07-10,2020-07-10 16:15:00,2020-07-10 16:15:00,BPU20.csv,19,BPU20.csv,-7.0,126.33999999999999
166,44025,2,30,126.58,6,2020-07-13,2020-07-13 02:30:00,2020-07-13 02:30:00,BPU20.csv,13,BPU20.csv,6.0,126.56
167,44025,8,0,126.11,2,2020-07-13,2020-07-13 08:00:00,2020-07-13 08:00:00,BPU20.csv,150,BPU20.csv,-4.0,126.13
168,44025,9,0,126.1,6,2020-07-13,2020-07-13 09:00:00,2020-07-13 09:00:00,BPU20.csv,33,BPU20.csv,4.0,126.08
169,44025,15,0,125.77,-1,2020-07-13,2020-07-13 15:00:00,2020-07-13 15:00:00,BPU20.csv,867,BPU20.csv,-7.0,125.78999999999999
170,44026,2,30,125.52,-9,2020-07-14,2020-07-14 02:30:00,2020-07-14 02:30:00,BPU20.csv,26,BPU20.csv,-8.0,125.53999999999999
171,44026,6,30,125.18,-7,2020-07-14,2020-07-14 06:30:00,2020-07-14 06:30:00,BPU20.csv,16,BPU20.csv,2.0,125.16000000000001
172,44026,8,0,125.35,-14,2020-07-14,2020-07-14 08:00:00,2020-07-14 08:00:00,BPU20.csv,200,BPU20.csv,-7.0,125.36999999999999
173,44026,9,0,125.19,-13,2020-07-14,2020-07-14 09:00:00,2020-07-14 09:00:00,BPU20.csv,112,BPU20.csv,1.0,125.17
174,44026,11,0,125.34,-7,2020-07-14,2020-07-14 11:00:00,2020-07-14 11:00:00,BPU20.csv,249,BPU20.csv,6.0,125.32000000000001
175,44026,15,0,125.61,0,2020-07-14,2020-07-14 15:00:00,2020-07-14 15:00:00,BPU20.csv,114,BPU20.csv,7.0,125.59
176,44027,9,0,126.4,10,2020-07-15,2020-07-15 09:00:00,2020-07-15 09:00:00,BPU20.csv,65,BPU20.csv,10.0,126.38000000000001
177,44027,11,0,126.27,-2,2020-07-15,2020-07-15 11:00:00,2020-07-15 11:00:00,BPU20.csv,185,BPU20.csv,-12.0,126.28999999999999
178,44027,13,0,125.9,0,2020-07-15,2020-07-15 13:00:00,2020-07-15 13:00:00,BPU20.csv,89,BPU20.csv,2.0,125.88000000000001
179,44027,15,0,125.85,-4,2020-07-15,2020-07-15 15:00:00,2020-07-15 15:00:00,BPU20.csv,172,BPU20.csv,-4.0,125.86999999999999
180,44028,2,30,125.47,14,2020-07-16,2020-07-16 02:30:00,2020-07-16 02:30:00,BPU20.csv,19,BPU20.csv,18.0,125.45
181,44028,6,30,125.29,7,2020-07-16,2020-07-16 06:30:00,2020-07-16 06:30:00,BPU20.csv,49,BPU20.csv,-7.0,125.31
182,44028,8,0,125.58,1,2020-07-16,2020-07-16 08:00:00,2020-07-16 08:00:00,BPU20.csv,102,BPU20.csv,-6.0,125.6
183,44028,9,0,125.63,7,2020-07-16,2020-07-16 09:00:00,2020-07-16 09:00:00,BPU20.csv,312,BPU20.csv,6.0,125.61
184,44028,11,0,126.03,5,2020-07-16,2020-07-16 11:00:00,2020-07-16 11:00:00,BPU20.csv,468,BPU20.csv,-2.0,126.05
185,44028,13,0,125.93,7,2020-07-16,2020-07-16 13:00:00,2020-07-16 13:00:00,BPU20.csv,91,BPU20.csv,2.0,125.91000000000001
186,44028,15,0,125.5,11,2020-07-16,2020-07-16 15:00:00,2020-07-16 15:00:00,BPU20.csv,217,BPU20.csv,4.0,125.48
187,44029,2,30,125.58,0,2020-07-17,2020-07-17 02:30:00,2020-07-17 02:30:00,BPU20.csv,21,BPU20.csv,-11.0,125.6
188,44029,8,0,125.5,-9,2020-07-17,2020-07-17 08:00:00,2020-07-17 08:00:00,BPU20.csv,51,BPU20.csv,-9.0,125.52
189,44029,9,0,125.2,0,2020-07-17,2020-07-17 09:00:00,2020-07-17 09:00:00,BPU20.csv,157,BPU20.csv,9.0,125.18
190,44032,2,30,125.51,8,2020-07-20,2020-07-20 02:30:00,2020-07-20 02:30:00,BPU20.csv,42,BPU20.csv,8.0,125.49000000000001
191,44032,9,0,126.3,14,2020-07-20,2020-07-20 09:00:00,2020-07-20 09:00:00,BPU20.csv,112,BPU20.csv,6.0,126.28
192,44032,11,0,126.51,6,2020-07-20,2020-07-20 11:00:00,2020-07-20 11:00:00,BPU20.csv,169,BPU20.csv,-8.0,126.53
193,44032,13,0,126.55,8,2020-07-20,2020-07-20 13:00:00,2020-07-20 13:00:00,BPU20.csv,59,BPU20.csv,2.0,126.53
194,44033,2,30,126.95,-3,2020-07-21,2020-07-21 02:30:00,2020-07-21 02:30:00,BPU20.csv,71,BPU20.csv,-11.0,126.97
195,44033,6,30,127.01,-2,2020-07-21,2020-07-21 06:30:00,2020-07-21 06:30:00,BPU20.csv,29,BPU20.csv,1.0,126.99000000000001
196,44033,9,0,127.09,9,2020-07-21,2020-07-21 09:00:00,2020-07-21 09:00:00,BPU20.csv,137,BPU20.csv,11.0,127.07000000000001
197,44033,10,30,127.2,11,2020-07-21,2020-07-21 10:30:00,2020-07-21 10:30:00,BPU20.csv,254,BPU20.csv,2.0,127.18
198,44033,11,0,127.52,-5,2020-07-21,2020-07-21 11:00:00,2020-07-21 11:00:00,BPU20.csv,320,BPU20.csv,-16.0,127.53999999999999
199,44033,13,0,127.48,0,2020-07-21,2020-07-21 13:00:00,2020-07-21 13:00:00,BPU20.csv,69,BPU20.csv,5.0,127.46000000000001
200,44034,4,0,126.79,-2,2020-07-22,2020-07-22 04:00:00,2020-07-22 04:00:00,BPU20.csv,289,BPU20.csv,-2.0,126.81
201,44034,6,30,126.78,-4,2020-07-22,2020-07-22 06:30:00,2020-07-22 06:30:00,BPU20.csv,185,BPU20.csv,-2.0,126.8
202,44034,8,0,127.01,-2,2020-07-22,2020-07-22 08:00:00,2020-07-22 08:00:00,BPU20.csv,267,BPU20.csv,2.0,126.99000000000001
203,44034,10,30,127.17,0,2020-07-22,2020-07-22 10:30:00,2020-07-22 10:30:00,BPU20.csv,118,BPU20.csv,2.0,127.15
204,44034,11,0,127.35,-2,2020-07-22,2020-07-22 11:00:00,2020-07-22 11:00:00,BPU20.csv,206,BPU20.csv,-2.0,127.36999999999999
205,44034,13,0,127.4,0,2020-07-22,2020-07-22 13:00:00,2020-07-22 13:00:00,BPU20.csv,74,BPU20.csv,2.0,127.38000000000001
206,44034,15,0,127.42,3,2020-07-22,2020-07-22 15:00:00,2020-07-22 15:00:00,BPU20.csv,113,BPU20.csv,3.0,127.4
207,44035,2,30,127.51,-6,2020-07-23,2020-07-23 02:30:00,2020-07-23 02:30:00,BPU20.csv,27,BPU20.csv,-9.0,127.53
208,44035,6,0,127.32,-9,2020-07-23,2020-07-23 06:00:00,2020-07-23 06:00:00,BPU20.csv,25,BPU20.csv,-3.0,127.33999999999999
209,44035,6,30,127.27,-3,2020-07-23,2020-07-23 06:30:00,2020-07-23 06:30:00,BPU20.csv,49,BPU20.csv,6.0,127.25
210,44035,9,0,126.78,0,2020-07-23,2020-07-23 09:00:00,2020-07-23 09:00:00,BPU20.csv,224,BPU20.csv,3.0,126.76
211,44035,11,0,127.48,-5,2020-07-23,2020-07-23 11:00:00,2020-07-23 11:00:00,BPU20.csv,268,BPU20.csv,-5.0,127.5
212,44035,13,0,127.49,-3,2020-07-23,2020-07-23 13:00:00,2020-07-23 13:00:00,BPU20.csv,104,BPU20.csv,2.0,127.47
213,44036,2,30,127.5,-5,2020-07-24,2020-07-24 02:30:00,2020-07-24 02:30:00,BPU20.csv,32,BPU20.csv,-2.0,127.52
214,44036,4,0,127.4,-8,2020-07-24,2020-07-24 04:00:00,2020-07-24 04:00:00,BPU20.csv,76,BPU20.csv,-3.0,127.42
215,44036,6,0,127.39,-5,2020-07-24,2020-07-24 06:00:00,2020-07-24 06:00:00,BPU20.csv,126,BPU20.csv,3.0,127.37
216,44036,6,30,127.4,-8,2020-07-24,2020-07-24 06:30:00,2020-07-24 06:30:00,BPU20.csv,26,BPU20.csv,-3.0,127.42
217,44036,8,0,127.57,-5,2020-07-24,2020-07-24 08:00:00,2020-07-24 08:00:00,BPU20.csv,149,BPU20.csv,3.0,127.55
218,44036,9,0,127.65,-1,2020-07-24,2020-07-24 09:00:00,2020-07-24 09:00:00,BPU20.csv,51,BPU20.csv,4.0,127.63000000000001
219,44036,10,30,127.95,2,2020-07-24,2020-07-24 10:30:00,2020-07-24 10:30:00,BPU20.csv,209,BPU20.csv,3.0,127.93
220,44036,11,0,127.92,-2,2020-07-24,2020-07-24 11:00:00,2020-07-24 11:00:00,BPU20.csv,402,BPU20.csv,-4.0,127.94
221,44036,15,0,127.92,-5,2020-07-24,2020-07-24 15:00:00,2020-07-24 15:00:00,BPU20.csv,299,BPU20.csv,-3.0,127.94
222,44036,16,15,127.9,0,2020-07-24,2020-07-24 16:15:00,2020-07-24 16:15:00,BPU20.csv,25,BPU20.csv,5.0,127.88000000000001
223,44039,2,30,128.27,-14,2020-07-27,2020-07-27 02:30:00,2020-07-27 02:30:00,BPU20.csv,57,BPU20.csv,-14.0,128.29000000000002
224,44039,6,0,128.49,-11,2020-07-27,2020-07-27 06:00:00,2020-07-27 06:00:00,BPU20.csv,143,BPU20.csv,3.0,128.47
225,44039,6,30,128.71,-3,2020-07-27,2020-07-27 06:30:00,2020-07-27 06:30:00,BPU20.csv,228,BPU20.csv,8.0,128.69
226,44039,8,0,128.77,-8,2020-07-27,2020-07-27 08:00:00,2020-07-27 08:00:00,BPU20.csv,519,BPU20.csv,-5.0,128.79000000000002
227,44039,9,0,128.58,2,2020-07-27,2020-07-27 09:00:00,2020-07-27 09:00:00,BPU20.csv,65,BPU20.csv,10.0,128.56
228,44039,11,0,129.0,-12,2020-07-27,2020-07-27 11:00:00,2020-07-27 11:00:00,BPU20.csv,345,BPU20.csv,-14.0,129.02
229,44039,13,0,128.78,-3,2020-07-27,2020-07-27 13:00:00,2020-07-27 13:00:00,BPU20.csv,72,BPU20.csv,9.0,128.76
230,44040,2,30,128.64,-8,2020-07-28,2020-07-28 02:30:00,2020-07-28 02:30:00,BPU20.csv,50,BPU20.csv,-5.0,128.66
231,44040,6,0,128.77,-11,2020-07-28,2020-07-28 06:00:00,2020-07-28 06:00:00,BPU20.csv,204,BPU20.csv,-3.0,128.79000000000002
232,44040,6,30,128.83,-6,2020-07-28,2020-07-28 06:30:00,2020-07-28 06:30:00,BPU20.csv,16,BPU20.csv,5.0,128.81
233,44040,9,0,128.91,-3,2020-07-28,2020-07-28 09:00:00,2020-07-28 09:00:00,BPU20.csv,305,BPU20.csv,3.0,128.89
234,44040,10,30,129.22,0,2020-07-28,2020-07-28 10:30:00,2020-07-28 10:30:00,BPU20.csv,209,BPU20.csv,3.0,129.2
235,44040,11,0,129.49,-9,2020-07-28,2020-07-28 11:00:00,2020-07-28 11:00:00,BPU20.csv,670,BPU20.csv,-9.0,129.51000000000002
236,44040,13,0,129.52,-3,2020-07-28,2020-07-28 13:00:00,2020-07-28 13:00:00,BPU20.csv,66,BPU20.csv,6.0,129.5
237,44041,2,30,129.33,-16,2020-07-29,2020-07-29 02:30:00,2020-07-29 02:30:00,BPU20.csv,26,BPU20.csv,-13.0,129.35000000000002
238,44041,6,30,129.73,-10,2020-07-29,2020-07-29 06:30:00,2020-07-29 06:30:00,BPU20.csv,25,BPU20.csv,6.0,129.70999999999998
239,44041,8,0,129.69,-14,2020-07-29,2020-07-29 08:00:00,2020-07-29 08:00:00,BPU20.csv,421,BPU20.csv,-4.0,129.71
240,44041,9,0,129.83,-10,2020-07-29,2020-07-29 09:00:00,2020-07-29 09:00:00,BPU20.csv,76,BPU20.csv,4.0,129.81
241,44041,10,30,129.84,-8,2020-07-29,2020-07-29 10:30:00,2020-07-29 10:30:00,BPU20.csv,103,BPU20.csv,2.0,129.82
242,44042,2,30,129.6,-4,2020-07-30,2020-07-30 02:30:00,2020-07-30 02:30:00,BPU20.csv,90,BPU20.csv,4.0,129.57999999999998
243,44042,4,0,129.89,-6,2020-07-30,2020-07-30 04:00:00,2020-07-30 04:00:00,BPU20.csv,228,BPU20.csv,-2.0,129.91
244,44042,6,30,130.04,-2,2020-07-30,2020-07-30 06:30:00,2020-07-30 06:30:00,BPU20.csv,148,BPU20.csv,4.0,130.01999999999998
245,44042,8,0,130.22,-8,2020-07-30,2020-07-30 08:00:00,2020-07-30 08:00:00,BPU20.csv,262,BPU20.csv,-6.0,130.24
246,44042,9,0,130.34,0,2020-07-30,2020-07-30 09:00:00,2020-07-30 09:00:00,BPU20.csv,431,BPU20.csv,8.0,130.32
247,44042,11,0,130.48,-4,2020-07-30,2020-07-30 11:00:00,2020-07-30 11:00:00,BPU20.csv,882,BPU20.csv,-4.0,130.5
248,44042,13,0,130.63,0,2020-07-30,2020-07-30 13:00:00,2020-07-30 13:00:00,BPU20.csv,56,BPU20.csv,4.0,130.60999999999999
249,44042,15,0,130.93,-2,2020-07-30,2020-07-30 15:00:00,2020-07-30 15:00:00,BPU20.csv,524,BPU20.csv,-2.0,130.95000000000002
250,44043,2,30,131.3,-5,2020-07-31,2020-07-31 02:30:00,2020-07-31 02:30:00,BPU20.csv,34,BPU20.csv,-3.0,131.32000000000002
251,44043,4,0,131.4,-10,2020-07-31,2020-07-31 04:00:00,2020-07-31 04:00:00,BPU20.csv,155,BPU20.csv,-5.0,131.42000000000002
252,44043,6,30,131.42,-7,2020-07-31,2020-07-31 06:30:00,2020-07-31 06:30:00,BPU20.csv,90,BPU20.csv,3.0,131.39999999999998
253,44043,9,0,131.57,-2,2020-07-31,2020-07-31 09:00:00,2020-07-31 09:00:00,BPU20.csv,120,BPU20.csv,5.0,131.54999999999998
254,44043,11,0,131.27,-4,2020-07-31,2020-07-31 11:00:00,2020-07-31 11:00:00,BPU20.csv,1219,BPU20.csv,-2.0,131.29000000000002
255,44043,13,0,131.02,-2,2020-07-31,2020-07-31 13:00:00,2020-07-31 13:00:00,BPU20.csv,200,BPU20.csv,2.0,131.0
256,44043,15,0,131.08,0,2020-07-31,2020-07-31 15:00:00,2020-07-31 15:00:00,BPU20.csv,481,BPU20.csv,2.0,131.06
257,44046,2,30,130.76,-3,2020-08-03,2020-08-03 02:30:00,2020-08-03 02:30:00,BPU20.csv,54,BPU20.csv,-3.0,130.78
258,44046,6,0,130.46,-9,2020-08-03,2020-08-03 06:00:00,2020-08-03 06:00:00,BPU20.csv,96,BPU20.csv,-6.0,130.48000000000002
259,44046,6,30,130.22,-14,2020-08-03,2020-08-03 06:30:00,2020-08-03 06:30:00,BPU20.csv,32,BPU20.csv,-5.0,130.24
260,44046,8,0,130.35,-17,2020-08-03,2020-08-03 08:00:00,2020-08-03 08:00:00,BPU20.csv,193,BPU20.csv,-3.0,130.37
261,44046,9,0,130.26,-14,2020-08-03,2020-08-03 09:00:00,2020-08-03 09:00:00,BPU20.csv,390,BPU20.csv,3.0,130.23999999999998
262,44046,10,30,130.26,-6,2020-08-03,2020-08-03 10:30:00,2020-08-03 10:30:00,BPU20.csv,207,BPU20.csv,8.0,130.23999999999998
263,44046,11,0,130.34,-9,2020-08-03,2020-08-03 11:00:00,2020-08-03 11:00:00,BPU20.csv,410,BPU20.csv,-3.0,130.36
264,44046,13,0,130.61,-6,2020-08-03,2020-08-03 13:00:00,2020-08-03 13:00:00,BPU20.csv,37,BPU20.csv,3.0,130.59
265,44047,2,30,130.87,-9,2020-08-04,2020-08-04 02:30:00,2020-08-04 02:30:00,BPU20.csv,37,BPU20.csv,-3.0,130.89000000000001
266,44047,6,0,130.64,-3,2020-08-04,2020-08-04 06:00:00,2020-08-04 06:00:00,BPU20.csv,42,BPU20.csv,6.0,130.61999999999998
267,44047,6,30,130.64,0,2020-08-04,2020-08-04 06:30:00,2020-08-04 06:30:00,BPU20.csv,47,BPU20.csv,3.0,130.61999999999998
268,44047,9,0,129.89,-2,2020-08-04,2020-08-04 09:00:00,2020-08-04 09:00:00,BPU20.csv,143,BPU20.csv,-2.0,129.91
269,44047,11,0,130.48,0,2020-08-04,2020-08-04 11:00:00,2020-08-04 11:00:00,BPU20.csv,87,BPU20.csv,2.0,130.45999999999998
270,44047,15,0,130.59,2,2020-08-04,2020-08-04 15:00:00,2020-08-04 15:00:00,BPU20.csv,332,BPU20.csv,2.0,130.57
271,44048,2,30,130.76,-11,2020-08-05,2020-08-05 02:30:00,2020-08-05 02:30:00,BPU20.csv,74,BPU20.csv,-13.0,130.78
272,44048,4,0,131.04,-15,2020-08-05,2020-08-05 04:00:00,2020-08-05 04:00:00,BPU20.csv,112,BPU20.csv,-4.0,131.06
273,44048,6,30,131.24,-12,2020-08-05,2020-08-05 06:30:00,2020-08-05 06:30:00,BPU20.csv,189,BPU20.csv,3.0,131.22
274,44048,8,0,131.45,-13,2020-08-05,2020-08-05 08:00:00,2020-08-05 08:00:00,BPU20.csv,54,BPU20.csv,-1.0,131.47
275,44048,9,0,131.44,-8,2020-08-05,2020-08-05 09:00:00,2020-08-05 09:00:00,BPU20.csv,220,BPU20.csv,5.0,131.42
276,44048,11,0,131.45,-13,2020-08-05,2020-08-05 11:00:00,2020-08-05 11:00:00,BPU20.csv,140,BPU20.csv,-5.0,131.47
277,44048,13,0,131.3,-8,2020-08-05,2020-08-05 13:00:00,2020-08-05 13:00:00,BPU20.csv,36,BPU20.csv,5.0,131.28
278,44048,15,0,131.18,-10,2020-08-05,2020-08-05 15:00:00,2020-08-05 15:00:00,BPU20.csv,302,BPU20.csv,-2.0,131.20000000000002
279,44049,2,30,131.57,-5,2020-08-06,2020-08-06 02:30:00,2020-08-06 02:30:00,BPU20.csv,542,BPU20.csv,5.0,131.54999999999998
280,44049,6,30,131.81,0,2020-08-06,2020-08-06 06:30:00,2020-08-06 06:30:00,BPU20.csv,114,BPU20.csv,5.0,131.79
281,44049,11,0,131.46,-3,2020-08-06,2020-08-06 11:00:00,2020-08-06 11:00:00,BPU20.csv,217,BPU20.csv,-3.0,131.48000000000002
282,44049,13,0,131.62,0,2020-08-06,2020-08-06 13:00:00,2020-08-06 13:00:00,BPU20.csv,48,BPU20.csv,3.0,131.6
283,44050,2,30,131.3,-3,2020-08-07,2020-08-07 02:30:00,2020-08-07 02:30:00,BPU20.csv,30,BPU20.csv,-3.0,131.32000000000002
284,44050,6,30,130.93,0,2020-08-07,2020-08-07 06:30:00,2020-08-07 06:30:00,BPU20.csv,14,BPU20.csv,3.0,130.91
285,44053,6,0,130.61,-4,2020-08-10,2020-08-10 06:00:00,2020-08-10 06:00:00,BPU20.csv,50,BPU20.csv,-4.0,130.63000000000002
286,44053,6,30,130.48,-12,2020-08-10,2020-08-10 06:30:00,2020-08-10 06:30:00,BPU20.csv,17,BPU20.csv,-8.0,130.5
287,44053,10,30,130.96,-4,2020-08-10,2020-08-10 10:30:00,2020-08-10 10:30:00,BPU20.csv,29,BPU20.csv,8.0,130.94
288,44053,11,0,130.91,-8,2020-08-10,2020-08-10 11:00:00,2020-08-10 11:00:00,BPU20.csv,385,BPU20.csv,-4.0,130.93
289,44053,13,0,130.89,-4,2020-08-10,2020-08-10 13:00:00,2020-08-10 13:00:00,BPU20.csv,45,BPU20.csv,4.0,130.86999999999998
290,44054,6,0,130.99,-2,2020-08-11,2020-08-11 06:00:00,2020-08-11 06:00:00,BPU20.csv,118,BPU20.csv,2.0,130.97
291,44054,6,30,131.09,-11,2020-08-11,2020-08-11 06:30:00,2020-08-11 06:30:00,BPU20.csv,24,BPU20.csv,-9.0,131.11
292,44054,8,0,131.19,-17,2020-08-11,2020-08-11 08:00:00,2020-08-11 08:00:00,BPU20.csv,240,BPU20.csv,-6.0,131.21
293,44054,9,0,131.21,-11,2020-08-11,2020-08-11 09:00:00,2020-08-11 09:00:00,BPU20.csv,97,BPU20.csv,6.0,131.19
294,44054,10,30,130.93,-2,2020-08-11,2020-08-11 10:30:00,2020-08-11 10:30:00,BPU20.csv,271,BPU20.csv,9.0,130.91
295,44054,11,0,130.9,-5,2020-08-11,2020-08-11 11:00:00,2020-08-11 11:00:00,BPU20.csv,164,BPU20.csv,-3.0,130.92000000000002
296,44054,13,0,130.93,-2,2020-08-11,2020-08-11 13:00:00,2020-08-11 13:00:00,BPU20.csv,28,BPU20.csv,3.0,130.91
297,44055,2,30,130.47,-11,2020-08-12,2020-08-12 02:30:00,2020-08-12 02:30:00,BPU20.csv,43,BPU20.csv,-9.0,130.49
298,44055,4,0,130.52,-15,2020-08-12,2020-08-12 04:00:00,2020-08-12 04:00:00,BPU20.csv,67,BPU20.csv,-4.0,130.54000000000002
299,44055,6,0,130.52,-13,2020-08-12,2020-08-12 06:00:00,2020-08-12 06:00:00,BPU20.csv,83,BPU20.csv,2.0,130.5
300,44055,6,30,130.46,-17,2020-08-12,2020-08-12 06:30:00,2020-08-12 06:30:00,BPU20.csv,38,BPU20.csv,-4.0,130.48000000000002
301,44055,8,0,130.21,-15,2020-08-12,2020-08-12 08:00:00,2020-08-12 08:00:00,BPU20.csv,150,BPU20.csv,2.0,130.19
302,44055,10,30,130.35,-9,2020-08-12,2020-08-12 10:30:00,2020-08-12 10:30:00,BPU20.csv,153,BPU20.csv,6.0,130.32999999999998
303,44055,11,0,130.6,-12,2020-08-12,2020-08-12 11:00:00,2020-08-12 11:00:00,BPU20.csv,622,BPU20.csv,-3.0,130.62
304,44055,13,0,130.47,-9,2020-08-12,2020-08-12 13:00:00,2020-08-12 13:00:00,BPU20.csv,19,BPU20.csv,3.0,130.45
305,44056,2,30,130.82,0,2020-08-13,2020-08-13 02:30:00,2020-08-13 02:30:00,BPU20.csv,86,BPU20.csv,9.0,130.79999999999998
306,44056,4,0,130.84,-2,2020-08-13,2020-08-13 04:00:00,2020-08-13 04:00:00,BPU20.csv,203,BPU20.csv,-2.0,130.86
307,44056,6,30,130.99,-10,2020-08-13,2020-08-13 06:30:00,2020-08-13 06:30:00,BPU20.csv,50,BPU20.csv,-8.0,131.01000000000002
308,44056,8,0,130.98,-8,2020-08-13,2020-08-13 08:00:00,2020-08-13 08:00:00,BPU20.csv,246,BPU20.csv,2.0,130.95999999999998
309,44056,10,30,131.22,0,2020-08-13,2020-08-13 10:30:00,2020-08-13 10:30:00,BPU20.csv,38,BPU20.csv,8.0,131.2
310,44056,11,0,130.98,-3,2020-08-13,2020-08-13 11:00:00,2020-08-13 11:00:00,BPU20.csv,276,BPU20.csv,-3.0,131.0
311,44056,13,0,130.82,0,2020-08-13,2020-08-13 13:00:00,2020-08-13 13:00:00,BPU20.csv,32,BPU20.csv,3.0,130.79999999999998
312,44057,2,30,130.68,-11,2020-08-14,2020-08-14 02:30:00,2020-08-14 02:30:00,BPU20.csv,7,BPU20.csv,-11.0,130.70000000000002
313,44057,4,0,130.67,-16,2020-08-14,2020-08-14 04:00:00,2020-08-14 04:00:00,BPU20.csv,69,BPU20.csv,-5.0,130.69
314,44057,6,30,130.98,-17,2020-08-14,2020-08-14 06:30:00,2020-08-14 06:30:00,BPU20.csv,57,BPU20.csv,-1.0,131.0
315,44057,8,0,131.07,-15,2020-08-14,2020-08-14 08:00:00,2020-08-14 08:00:00,BPU20.csv,79,BPU20.csv,2.0,131.04999999999998
316,44057,10,30,131.12,-11,2020-08-14,2020-08-14 10:30:00,2020-08-14 10:30:00,BPU20.csv,131,BPU20.csv,4.0,131.1
317,44057,11,0,131.12,-13,2020-08-14,2020-08-14 11:00:00,2020-08-14 11:00:00,BPU20.csv,290,BPU20.csv,-2.0,131.14000000000001
318,44057,13,0,131.02,-11,2020-08-14,2020-08-14 13:00:00,2020-08-14 13:00:00,BPU20.csv,97,BPU20.csv,2.0,131.0
319,44057,16,15,130.86,0,2020-08-14,2020-08-14 16:15:00,2020-08-14 16:15:00,BPU20.csv,2,BPU20.csv,11.0,130.84
320,44060,6,30,131.19,-8,2020-08-17,2020-08-17 06:30:00,2020-08-17 06:30:00,BPU20.csv,191,BPU20.csv,-8.0,131.21
321,44060,10,30,130.96,0,2020-08-17,2020-08-17 10:30:00,2020-08-17 10:30:00,BPU20.csv,37,BPU20.csv,8.0,130.94
322,44060,11,0,131.01,-8,2020-08-17,2020-08-17 11:00:00,2020-08-17 11:00:00,BPU20.csv,199,BPU20.csv,-8.0,131.03
323,44060,13,0,131.05,0,2020-08-17,2020-08-17 13:00:00,2020-08-17 13:00:00,BPU20.csv,49,BPU20.csv,8.0,131.03
324,44061,6,30,131.81,-9,2020-08-18,2020-08-18 06:30:00,2020-08-18 06:30:00,BPU20.csv,48,BPU20.csv,-9.0,131.83
325,44061,9,0,131.98,-6,2020-08-18,2020-08-18 09:00:00,2020-08-18 09:00:00,BPU20.csv,126,BPU20.csv,3.0,131.95999999999998
326,44061,10,30,132.1,3,2020-08-18,2020-08-18 10:30:00,2020-08-18 10:30:00,BPU20.csv,215,BPU20.csv,9.0,132.07999999999998
327,44061,11,0,132.22,-5,2020-08-18,2020-08-18 11:00:00,2020-08-18 11:00:00,BPU20.csv,197,BPU20.csv,-8.0,132.24
328,44061,13,0,132.37,0,2020-08-18,2020-08-18 13:00:00,2020-08-18 13:00:00,BPU20.csv,105,BPU20.csv,5.0,132.35
329,44061,15,0,132.45,-2,2020-08-18,2020-08-18 15:00:00,2020-08-18 15:00:00,BPU20.csv,327,BPU20.csv,-2.0,132.47
330,44062,4,0,132.54,-8,2020-08-19,2020-08-19 04:00:00,2020-08-19 04:00:00,BPU20.csv,80,BPU20.csv,-6.0,132.56
331,44062,8,0,132.13,-2,2020-08-19,2020-08-19 08:00:00,2020-08-19 08:00:00,BPU20.csv,141,BPU20.csv,6.0,132.10999999999999
332,44062,15,0,131.15,0,2020-08-19,2020-08-19 15:00:00,2020-08-19 15:00:00,BPU20.csv,452,BPU20.csv,2.0,131.13
333,44063,2,30,130.86,-10,2020-08-20,2020-08-20 02:30:00,2020-08-20 02:30:00,BPU20.csv,48,BPU20.csv,-10.0,130.88000000000002
334,44063,4,0,130.92,-12,2020-08-20,2020-08-20 04:00:00,2020-08-20 04:00:00,BPU20.csv,112,BPU20.csv,-2.0,130.94
335,44063,6,30,131.21,-17,2020-08-20,2020-08-20 06:30:00,2020-08-20 06:30:00,BPU20.csv,38,BPU20.csv,-5.0,131.23000000000002
336,44063,10,30,131.34,-10,2020-08-20,2020-08-20 10:30:00,2020-08-20 10:30:00,BPU20.csv,203,BPU20.csv,7.0,131.32
337,44063,11,0,131.41,-13,2020-08-20,2020-08-20 11:00:00,2020-08-20 11:00:00,BPU20.csv,729,BPU20.csv,-3.0,131.43
338,44063,13,0,131.9,-10,2020-08-20,2020-08-20 13:00:00,2020-08-20 13:00:00,BPU20.csv,92,BPU20.csv,3.0,131.88
339,44064,2,30,132.49,-8,2020-08-21,2020-08-21 02:30:00,2020-08-21 02:30:00,BPU20.csv,21,BPU20.csv,2.0,132.47
340,44064,6,0,131.69,-15,2020-08-21,2020-08-21 06:00:00,2020-08-21 06:00:00,BPU20.csv,87,BPU20.csv,-7.0,131.71
341,44064,6,30,131.37,-7,2020-08-21,2020-08-21 06:30:00,2020-08-21 06:30:00,BPU20.csv,109,BPU20.csv,8.0,131.35
342,44064,11,0,130.75,-1,2020-08-21,2020-08-21 11:00:00,2020-08-21 11:00:00,BPU20.csv,520,BPU20.csv,6.0,130.73
343,44064,13,0,130.79,-7,2020-08-21,2020-08-21 13:00:00,2020-08-21 13:00:00,BPU20.csv,79,BPU20.csv,-6.0,130.81
344,44064,16,15,130.95,0,2020-08-21,2020-08-21 16:15:00,2020-08-21 16:15:00,BPU20.csv,45,BPU20.csv,7.0,130.92999999999998
345,44067,4,0,131.05,-4,2020-08-24,2020-08-24 04:00:00,2020-08-24 04:00:00,BPU20.csv,82,BPU20.csv,-4.0,131.07000000000002
346,44067,6,0,131.27,-6,2020-08-24,2020-08-24 06:00:00,2020-08-24 06:00:00,BPU20.csv,85,BPU20.csv,-2.0,131.29000000000002
347,44067,6,30,131.26,-13,2020-08-24,2020-08-24 06:30:00,2020-08-24 06:30:00,BPU20.csv,16,BPU20.csv,-7.0,131.28
348,44067,8,0,131.42,-9,2020-08-24,2020-08-24 08:00:00,2020-08-24 08:00:00,BPU20.csv,384,BPU20.csv,4.0,131.39999999999998
349,44067,10,30,130.81,-2,2020-08-24,2020-08-24 10:30:00,2020-08-24 10:30:00,BPU20.csv,87,BPU20.csv,7.0,130.79
350,44068,4,0,131.03,-4,2020-08-25,2020-08-25 04:00:00,2020-08-25 04:00:00,BPU20.csv,121,BPU20.csv,-2.0,131.05
351,44068,6,0,131.14,-2,2020-08-25,2020-08-25 06:00:00,2020-08-25 06:00:00,BPU20.csv,94,BPU20.csv,2.0,131.11999999999998
352,44068,6,30,131.21,-8,2020-08-25,2020-08-25 06:30:00,2020-08-25 06:30:00,BPU20.csv,63,BPU20.csv,-6.0,131.23000000000002
353,44068,8,0,131.37,-14,2020-08-25,2020-08-25 08:00:00,2020-08-25 08:00:00,BPU20.csv,98,BPU20.csv,-6.0,131.39000000000001
354,44068,9,0,131.37,-9,2020-08-25,2020-08-25 09:00:00,2020-08-25 09:00:00,BPU20.csv,199,BPU20.csv,5.0,131.35
355,44068,10,30,131.43,-3,2020-08-25,2020-08-25 10:30:00,2020-08-25 10:30:00,BPU20.csv,84,BPU20.csv,6.0,131.41
356,44068,11,0,131.2,0,2020-08-25,2020-08-25 11:00:00,2020-08-25 11:00:00,BPU20.csv,367,BPU20.csv,3.0,131.17999999999998
357,44069,2,30,131.39,-11,2020-08-26,2020-08-26 02:30:00,2020-08-26 02:30:00,BPU20.csv,46,BPU20.csv,-11.0,131.41
358,44069,4,0,131.47,-16,2020-08-26,2020-08-26 04:00:00,2020-08-26 04:00:00,BPU20.csv,106,BPU20.csv,-5.0,131.49
359,44069,8,0,131.46,-11,2020-08-26,2020-08-26 08:00:00,2020-08-26 08:00:00,BPU20.csv,32,BPU20.csv,5.0,131.44
360,44069,11,0,131.94,-13,2020-08-26,2020-08-26 11:00:00,2020-08-26 11:00:00,BPU20.csv,447,BPU20.csv,-2.0,131.96
361,44069,13,0,132.15,-11,2020-08-26,2020-08-26 13:00:00,2020-08-26 13:00:00,BPU20.csv,71,BPU20.csv,2.0,132.13
362,44070,2,30,132.07,-3,2020-08-27,2020-08-27 02:30:00,2020-08-27 02:30:00,BPU20.csv,33,BPU20.csv,8.0,132.04999999999998
363,44070,4,0,132.2,-7,2020-08-27,2020-08-27 04:00:00,2020-08-27 04:00:00,BPU20.csv,57,BPU20.csv,-4.0,132.22
364,44070,6,0,132.09,-9,2020-08-27,2020-08-27 06:00:00,2020-08-27 06:00:00,BPU20.csv,78,BPU20.csv,-2.0,132.11
365,44070,6,30,132.09,-6,2020-08-27,2020-08-27 06:30:00,2020-08-27 06:30:00,BPU20.csv,28,BPU20.csv,3.0,132.07
366,44070,8,0,132.0,-2,2020-08-27,2020-08-27 08:00:00,2020-08-27 08:00:00,BPU20.csv,335,BPU20.csv,4.0,131.98
367,44071,2,30,132.62,-5,2020-08-28,2020-08-28 02:30:00,2020-08-28 02:30:00,BPU20.csv,23,BPU20.csv,-3.0,132.64000000000001
368,44071,6,0,132.74,-3,2020-08-28,2020-08-28 06:00:00,2020-08-28 06:00:00,BPU20.csv,90,BPU20.csv,2.0,132.72
369,44071,6,30,132.83,-8,2020-08-28,2020-08-28 06:30:00,2020-08-28 06:30:00,BPU20.csv,44,BPU20.csv,-5.0,132.85000000000002
370,44071,9,0,132.73,-5,2020-08-28,2020-08-28 09:00:00,2020-08-28 09:00:00,BPU20.csv,725,BPU20.csv,3.0,132.70999999999998
371,44071,10,30,133.14,3,2020-08-28,2020-08-28 10:30:00,2020-08-28 10:30:00,BPU20.csv,165,BPU20.csv,8.0,133.11999999999998
372,44071,11,0,133.31,-9,2020-08-28,2020-08-28 11:00:00,2020-08-28 11:00:00,BPU20.csv,520,BPU20.csv,-12.0,133.33
373,44071,13,0,133.29,0,2020-08-28,2020-08-28 13:00:00,2020-08-28 13:00:00,BPU20.csv,222,BPU20.csv,9.0,133.26999999999998
374,44071,15,0,133.45,-2,2020-08-28,2020-08-28 15:00:00,2020-08-28 15:00:00,BPU20.csv,267,BPU20.csv,-2.0,133.47
375,44071,16,15,133.5,0,2020-08-28,2020-08-28 16:15:00,2020-08-28 16:15:00,BPU20.csv,4,BPU20.csv,2.0,133.48
376,44074,2,30,133.26,-3,2020-08-31,2020-08-31 02:30:00,2020-08-31 02:30:00,BPU20.csv,90,BPU20.csv,-3.0,133.28
377,44074,4,0,133.15,-6,2020-08-31,2020-08-31 04:00:00,2020-08-31 04:00:00,BPU20.csv,317,BPU20.csv,-3.0,133.17000000000002
378,44074,6,30,133.23,-3,2020-08-31,2020-08-31 06:30:00,2020-08-31 06:30:00,BPU20.csv,84,BPU20.csv,3.0,133.20999999999998
379,44074,8,0,133.34,0,2020-08-31,2020-08-31 08:00:00,2020-08-31 08:00:00,BPU20.csv,112,BPU20.csv,3.0,133.32
380,44074,11,0,133.9,-10,2020-08-31,2020-08-31 11:00:00,2020-08-31 11:00:00,BPU20.csv,1392,BPU20.csv,-10.0,133.92000000000002
381,44074,13,0,133.78,0,2020-08-31,2020-08-31 13:00:00,2020-08-31 13:00:00,BPU20.csv,90,BPU20.csv,10.0,133.76
382,44074,15,0,133.77,-2,2020-08-31,2020-08-31 15:00:00,2020-08-31 15:00:00,BPU20.csv,253,BPU20.csv,-2.0,133.79000000000002
383,44075,2,30,134.02,-8,2020-09-01,2020-09-01 02:30:00,2020-09-01 02:30:00,BPU20.csv,120,BPU20.csv,-6.0,134.04000000000002
384,44075,6,30,134.66,-2,2020-09-01,2020-09-01 06:30:00,2020-09-01 06:30:00,BPU20.csv,217,BPU20.csv,6.0,134.64
385,44075,11,0,134.49,-8,2020-09-01,2020-09-01 11:00:00,2020-09-01 11:00:00,BPU20.csv,551,BPU20.csv,-6.0,134.51000000000002
386,44075,13,0,133.93,-2,2020-09-01,2020-09-01 13:00:00,2020-09-01 13:00:00,BPU20.csv,1198,BPU20.csv,6.0,133.91
387,44075,15,0,133.85,0,2020-09-01,2020-09-01 15:00:00,2020-09-01 15:00:00,BPU20.csv,568,BPU20.csv,2.0,133.82999999999998
388,44076,2,30,133.65,2,2020-09-02,2020-09-02 02:30:00,2020-09-02 02:30:00,BPU20.csv,166,BPU20.csv,2.0,133.63
389,44076,4,0,133.37,-3,2020-09-02,2020-09-02 04:00:00,2020-09-02 04:00:00,BPU20.csv,73,BPU20.csv,-5.0,133.39000000000001
390,44076,6,0,133.65,-7,2020-09-02,2020-09-02 06:00:00,2020-09-02 06:00:00,BPU20.csv,98,BPU20.csv,-4.0,133.67000000000002
391,44076,6,30,133.58,-9,2020-09-02,2020-09-02 06:30:00,2020-09-02 06:30:00,BPU20.csv,36,BPU20.csv,-2.0,133.60000000000002
392,44076,8,0,133.42,-4,2020-09-02,2020-09-02 08:00:00,2020-09-02 08:00:00,BPU20.csv,208,BPU20.csv,5.0,133.39999999999998
393,44076,11,0,133.03,-1,2020-09-02,2020-09-02 11:00:00,2020-09-02 11:00:00,BPU20.csv,554,BPU20.csv,3.0,133.01
394,44076,13,0,133.29,-4,2020-09-02,2020-09-02 13:00:00,2020-09-02 13:00:00,BPU20.csv,115,BPU20.csv,-3.0,133.31
395,44076,15,0,133.23,0,2020-09-02,2020-09-02 15:00:00,2020-09-02 15:00:00,BPU20.csv,144,BPU20.csv,4.0,133.20999999999998
396,44077,2,30,132.9,-11,2020-09-03,2020-09-03 02:30:00,2020-09-03 02:30:00,BPU20.csv,121,BPU20.csv,-11.0,132.92000000000002
397,44077,6,0,132.77,-7,2020-09-03,2020-09-03 06:00:00,2020-09-03 06:00:00,BPU20.csv,96,BPU20.csv,4.0,132.75
398,44077,6,30,132.77,-16,2020-09-03,2020-09-03 06:30:00,2020-09-03 06:30:00,BPU20.csv,151,BPU20.csv,-9.0,132.79000000000002
399,44077,10,30,132.66,-7,2020-09-03,2020-09-03 10:30:00,2020-09-03 10:30:00,BPU20.csv,233,BPU20.csv,9.0,132.64
400,44077,11,0,132.74,-3,2020-09-03,2020-09-03 11:00:00,2020-09-03 11:00:00,BPU20.csv,237,BPU20.csv,4.0,132.72
401,44077,13,0,132.63,-7,2020-09-03,2020-09-03 13:00:00,2020-09-03 13:00:00,BPU20.csv,90,BPU20.csv,-4.0,132.65
402,44077,15,0,132.72,-11,2020-09-03,2020-09-03 15:00:00,2020-09-03 15:00:00,BPU20.csv,197,BPU20.csv,-4.0,132.74
403,44078,2,30,132.76,2,2020-09-04,2020-09-04 02:30:00,2020-09-04 02:30:00,BPU20.csv,69,BPU20.csv,13.0,132.73999999999998
404,44078,4,0,132.93,-6,2020-09-04,2020-09-04 04:00:00,2020-09-04 04:00:00,BPU20.csv,164,BPU20.csv,-8.0,132.95000000000002
405,44078,6,0,132.98,-8,2020-09-04,2020-09-04 06:00:00,2020-09-04 06:00:00,BPU20.csv,137,BPU20.csv,-2.0,133.0
406,44078,6,30,132.92,-10,2020-09-04,2020-09-04 06:30:00,2020-09-04 06:30:00,BPU20.csv,13,BPU20.csv,-2.0,132.94
407,44078,8,0,132.61,-2,2020-09-04,2020-09-04 08:00:00,2020-09-04 08:00:00,BPU20.csv,338,BPU20.csv,8.0,132.59
408,44078,9,0,132.21,-11,2020-09-04,2020-09-04 09:00:00,2020-09-04 09:00:00,BPU20.csv,492,BPU20.csv,-9.0,132.23000000000002
409,44078,11,0,132.07,5,2020-09-04,2020-09-04 11:00:00,2020-09-04 11:00:00,BPU20.csv,338,BPU20.csv,16.0,132.04999999999998
410,44078,13,0,132.46,-2,2020-09-04,2020-09-04 13:00:00,2020-09-04 13:00:00,BPU20.csv,108,BPU20.csv,-7.0,132.48000000000002
411,44078,15,0,132.91,-4,2020-09-04,2020-09-04 15:00:00,2020-09-04 15:00:00,BPU20.csv,113,BPU20.csv,-2.0,132.93
412,44078,16,15,132.79,0,2020-09-04,2020-09-04 16:15:00,2020-09-04 16:15:00,BPU20.csv,16,BPU20.csv,4.0,132.76999999999998
413,44081,2,30,132.03,-14,2020-09-07,2020-09-07 02:30:00,2020-09-07 02:30:00,BPU20.csv,57,BPU20.csv,-14.0,132.05
414,44081,4,0,132.3,-17,2020-09-07,2020-09-07 04:00:00,2020-09-07 04:00:00,BPU20.csv,63,BPU20.csv,-3.0,132.32000000000002
415,44081,6,30,131.52,-14,2020-09-07,2020-09-07 06:30:00,2020-09-07 06:30:00,BPU20.csv,38,BPU20.csv,3.0,131.5
416,44081,8,0,131.65,-11,2020-09-07,2020-09-07 08:00:00,2020-09-07 08:00:00,BPU20.csv,95,BPU20.csv,3.0,131.63
417,44081,9,0,131.58,-16,2020-09-07,2020-09-07 09:00:00,2020-09-07 09:00:00,BPU20.csv,24,BPU20.csv,-5.0,131.60000000000002
418,44081,11,0,131.79,-7,2020-09-07,2020-09-07 11:00:00,2020-09-07 11:00:00,BPU20.csv,162,BPU20.csv,9.0,131.76999999999998
419,44081,13,0,131.75,-11,2020-09-07,2020-09-07 13:00:00,2020-09-07 13:00:00,BPU20.csv,22,BPU20.csv,-4.0,131.77
420,44082,2,30,131.51,0,2020-09-08,2020-09-08 02:30:00,2020-09-08 02:30:00,BPU20.csv,75,BPU20.csv,11.0,131.48999999999998
421,44082,4,0,131.42,-4,2020-09-08,2020-09-08 04:00:00,2020-09-08 04:00:00,BPU20.csv,40,BPU20.csv,-4.0,131.44
422,44082,6,30,130.39,-11,2020-09-08,2020-09-08 06:30:00,2020-09-08 06:30:00,BPU20.csv,129,BPU20.csv,-7.0,130.41
423,44082,8,0,130.38,-7,2020-09-08,2020-09-08 08:00:00,2020-09-08 08:00:00,BPU20.csv,94,BPU20.csv,4.0,130.35999999999999
424,44082,10,30,130.46,0,2020-09-08,2020-09-08 10:30:00,2020-09-08 10:30:00,BPU20.csv,85,BPU20.csv,7.0,130.44
425,44082,11,0,130.26,6,2020-09-08,2020-09-08 11:00:00,2020-09-08 11:00:00,BPU20.csv,524,BPU20.csv,6.0,130.23999999999998
426,44082,13,0,130.45,0,2020-09-08,2020-09-08 13:00:00,2020-09-08 13:00:00,BPU20.csv,132,BPU20.csv,-6.0,130.47
427,44082,15,0,129.91,-3,2020-09-08,2020-09-08 15:00:00,2020-09-08 15:00:00,BPU20.csv,476,BPU20.csv,-3.0,129.93
428,44083,2,30,129.42,0,2020-09-09,2020-09-09 02:30:00,2020-09-09 02:30:00,BPU20.csv,100,BPU20.csv,3.0,129.39999999999998
429,44083,6,0,129.47,3,2020-09-09,2020-09-09 06:00:00,2020-09-09 06:00:00,BPU20.csv,89,BPU20.csv,3.0,129.45
430,44083,11,0,129.96,7,2020-09-09,2020-09-09 11:00:00,2020-09-09 11:00:00,BPU20.csv,677,BPU20.csv,4.0,129.94
431,44083,13,0,130.13,3,2020-09-09,2020-09-09 13:00:00,2020-09-09 13:00:00,BPU20.csv,117,BPU20.csv,-4.0,130.15
432,44083,15,0,129.9,6,2020-09-09,2020-09-09 15:00:00,2020-09-09 15:00:00,BPU20.csv,263,BPU20.csv,3.0,129.88
433,44084,2,30,130.28,-1,2020-09-10,2020-09-10 02:30:00,2020-09-10 02:30:00,BPU20.csv,42,BPU20.csv,-7.0,130.3
434,44084,6,0,130.24,-4,2020-09-10,2020-09-10 06:00:00,2020-09-10 06:00:00,BPU20.csv,37,BPU20.csv,-3.0,130.26000000000002
435,44084,6,30,130.28,0,2020-09-10,2020-09-10 06:30:00,2020-09-10 06:30:00,BPU20.csv,50,BPU20.csv,4.0,130.26
436,44084,11,0,128.68,10,2020-09-10,2020-09-10 11:00:00,2020-09-10 11:00:00,BPU20.csv,1012,BPU20.csv,10.0,128.66
437,44084,13,0,128.3,0,2020-09-10,2020-09-10 13:00:00,2020-09-10 13:00:00,BPU20.csv,550,BPU20.csv,-10.0,128.32000000000002
438,44084,15,0,128.0,-2,2020-09-10,2020-09-10 15:00:00,2020-09-10 15:00:00,BPU20.csv,349,BPU20.csv,-2.0,128.02
439,44085,2,30,128.17,0,2020-09-11,2020-09-11 02:30:00,2020-09-11 02:30:00,BPU20.csv,1,BPU20.csv,2.0,128.07999999999998
440,44085,6,0,128.0,4,2020-09-11,2020-09-11 06:00:00,2020-09-11 06:00:00,BPU20.csv,8,BPU20.csv,4.0,127.89
441,44085,6,30,128.19,8,2020-09-11,2020-09-11 06:30:00,2020-09-11 06:30:00,BPU20.csv,18,BPU20.csv,4.0,128.14999999999998
442,44085,9,0,128.16,2,2020-09-11,2020-09-11 09:00:00,2020-09-11 09:00:00,BPU20.csv,2,BPU20.csv,-6.0,128.12
443,44085,11,0,127.87,17,2020-09-11,2020-09-11 11:00:00,2020-09-11 11:00:00,BPU20.csv,13,BPU20.csv,15.0,127.79
444,44085,13,0,127.95,8,2020-09-11,2020-09-11 13:00:00,2020-09-11 13:00:00,BPU20.csv,1,BPU20.csv,-9.0,127.92
445,44085,15,0,127.97,10,2020-09-11,2020-09-11 15:00:00,2020-09-11 15:00:00,BPU20.csv,11,BPU20.csv,2.0,127.89
446,44085,16,15,128.06,0,2020-09-11,2020-09-11 16:15:00,2020-09-11 16:15:00,BPU20.csv,10,BPU20.csv,-10.0,128.01
447,44088,2,30,128.24,6,2020-09-14,2020-09-14 02:30:00,2020-09-14 02:30:00,BPU20.csv,1,BPU20.csv,6.0,128.26
448,44088,6,0,128.54,8,2020-09-14,2020-09-14 06:00:00,2020-09-14 06:00:00,BPU20.csv,16,BPU20.csv,2.0,128.42999999999998
449,44089,2,30,128.86,2,2020-09-15,2020-09-15 02:30:00,2020-09-15 02:30:00,BPU20.csv,1,BPU20.csv,-6.0,129.01000000000002
450,44089,6,0,129.02,0,2020-09-15,2020-09-15 06:00:00,2020-09-15 06:00:00,BPU20.csv,1,BPU20.csv,-2.0,129.01000000000002
451,44089,6,30,129.12,-3,2020-09-15,2020-09-15 06:30:00,2020-09-15 06:30:00,BPU20.csv,1,BPU20.csv,-3.0,129.01000000000002
452,44089,10,30,128.83,0,2020-09-15,2020-09-15 10:30:00,2020-09-15 10:30:00,BPU20.csv,1,BPU20.csv,3.0,128.97
453,44089,11,0,128.6,3,2020-09-15,2020-09-15 11:00:00,2020-09-15 11:00:00,BPU20.csv,1,BPU20.csv,3.0,128.97
454,44089,13,0,128.99,0,2020-09-15,2020-09-15 13:00:00,2020-09-15 13:00:00,BPU20.csv,1,BPU20.csv,-3.0,129.01000000000002
455,44089,15,0,129.04,5,2020-09-15,2020-09-15 15:00:00,2020-09-15 15:00:00,BPU20.csv,1,BPU20.csv,5.0,128.97
456,44090,6,0,129.55,8,2020-09-16,2020-09-16 06:00:00,2020-09-16 06:00:00,BPU20.csv,1,BPU20.csv,3.0,128.97
457,44090,6,30,129.59,5,2020-09-16,2020-09-16 06:30:00,2020-09-16 06:30:00,BPU20.csv,1,BPU20.csv,-3.0,129.01000000000002
458,44090,10,30,129.69,8,2020-09-16,2020-09-16 10:30:00,2020-09-16 10:30:00,BPU20.csv,1,BPU20.csv,3.0,128.97
459,44090,11,0,130.1,1,2020-09-16,2020-09-16 11:00:00,2020-09-16 11:00:00,BPU20.csv,1,BPU20.csv,-7.0,129.01000000000002
460,44090,13,0,129.84,8,2020-09-16,2020-09-16 13:00:00,2020-09-16 13:00:00,BPU20.csv,1,BPU20.csv,7.0,128.97
461,44090,15,0,129.57,3,2020-09-16,2020-09-16 15:00:00,2020-09-16 15:00:00,BPU20.csv,1,BPU20.csv,-5.0,129.01000000000002
462,44091,6,0,129.81,0,2020-09-17,2020-09-17 06:00:00,2020-09-17 06:00:00,BPU20.csv,1,BPU20.csv,-3.0,129.01000000000002
463,44092,6,30,129.95,2,2020-09-18,2020-09-18 06:30:00,2020-09-18 06:30:00,BPU20.csv,1,BPU20.csv,2.0,128.97
464,44092,10,30,129.64,0,2020-09-18,2020-09-18 10:30:00,2020-09-18 10:30:00,BPU20.csv,1,BPU20.csv,-2.0,129.01000000000002
465,44095,2,30,129.53,-2,2020-09-21,2020-09-21 02:30:00,2020-09-21 02:30:00,BPU20.csv,1,BPU20.csv,-2.0,129.01000000000002
466,44095,6,0,128.55,2,2020-09-21,2020-09-21 06:00:00,2020-09-21 06:00:00,BPU20.csv,1,BPU20.csv,4.0,128.97
467,44095,6,30,128.62,-2,2020-09-21,2020-09-21 06:30:00,2020-09-21 06:30:00,BPU20.csv,1,BPU20.csv,-4.0,129.01000000000002
468,44095,9,0,128.51,-6,2020-09-21,2020-09-21 09:00:00,2020-09-21 09:00:00,BPU20.csv,1,BPU20.csv,-4.0,129.01000000000002
469,44095,10,30,128.07,-2,2020-09-21,2020-09-21 10:30:00,2020-09-21 10:30:00,BPU20.csv,1,BPU20.csv,4.0,128.97
470,44095,11,0,127.98,8,2020-09-21,2020-09-21 11:00:00,2020-09-21 11:00:00,BPU20.csv,1,BPU20.csv,10.0,128.97
471,44095,13,0,127.95,2,2020-09-21,2020-09-21 13:00:00,2020-09-21 13:00:00,BPU20.csv,1,BPU20.csv,-6.0,129.01000000000002
472,44096,2,30,127.9,16,2020-09-22,2020-09-22 02:30:00,2020-09-22 02:30:00,BPU20.csv,1,BPU20.csv,14.0,128.97
473,44096,6,0,127.93,12,2020-09-22,2020-09-22 06:00:00,2020-09-22 06:00:00,BPU20.csv,1,BPU20.csv,-4.0,129.01000000000002
474,44096,6,30,128.25,9,2020-09-22,2020-09-22 06:30:00,2020-09-22 06:30:00,BPU20.csv,1,BPU20.csv,-3.0,129.01000000000002
475,44097,2,30,126.99,3,2020-09-23,2020-09-23 02:30:00,2020-09-23 02:30:00,BPU20.csv,1,BPU20.csv,-6.0,129.01000000000002
476,44097,6,0,127.39,11,2020-09-23,2020-09-23 06:00:00,2020-09-23 06:00:00,BPU20.csv,1,BPU20.csv,8.0,128.97
477,44097,6,30,127.35,8,2020-09-23,2020-09-23 06:30:00,2020-09-23 06:30:00,BPU20.csv,1,BPU20.csv,-3.0,129.01000000000002
478,44098,2,30,127.04,10,2020-09-24,2020-09-24 02:30:00,2020-09-24 02:30:00,BPU20.csv,1,BPU20.csv,2.0,128.97
479,44098,6,0,127.46,2,2020-09-24,2020-09-24 06:00:00,2020-09-24 06:00:00,BPU20.csv,1,BPU20.csv,-8.0,129.01000000000002
480,44098,6,30,127.67,0,2020-09-24,2020-09-24 06:30:00,2020-09-24 06:30:00,BPU20.csv,1,BPU20.csv,-2.0,129.01000000000002
481,44098,9,0,127.62,-3,2020-09-24,2020-09-24 09:00:00,2020-09-24 09:00:00,BPU20.csv,1,BPU20.csv,-3.0,129.01000000000002
482,44098,11,0,127.18,6,2020-09-24,2020-09-24 11:00:00,2020-09-24 11:00:00,BPU20.csv,1,BPU20.csv,9.0,128.97
483,44098,13,0,127.58,0,2020-09-24,2020-09-24 13:00:00,2020-09-24 13:00:00,BPU20.csv,1,BPU20.csv,-6.0,129.01000000000002
484,44098,15,0,127.45,-5,2020-09-24,2020-09-24 15:00:00,2020-09-24 15:00:00,BPU20.csv,1,BPU20.csv,-5.0,129.01000000000002
485,44099,2,30,127.68,-3,2020-09-25,2020-09-25 02:30:00,2020-09-25 02:30:00,BPU20.csv,1,BPU20.csv,2.0,128.97
486,44099,6,0,127.33,-1,2020-09-25,2020-09-25 06:00:00,2020-09-25 06:00:00,BPU20.csv,1,BPU20.csv,2.0,128.97
487,44099,6,30,127.17,-3,2020-09-25,2020-09-25 06:30:00,2020-09-25 06:30:00,BPU20.csv,1,BPU20.csv,-2.0,129.01000000000002
488,44099,15,0,127.35,6,2020-09-25,2020-09-25 15:00:00,2020-09-25 15:00:00,BPU20.csv,1,BPU20.csv,9.0,128.97
489,44099,16,15,127.49,0,2020-09-25,2020-09-25 16:15:00,2020-09-25 16:15:00,BPU20.csv,1,BPU20.csv,-6.0,129.01000000000002
490,44102,2,30,127.86,-1,2020-09-28,2020-09-28 02:30:00,2020-09-28 02:30:00,BPU20.csv,1,BPU20.csv,-1.0,129.01000000000002
491,44102,6,0,128.54,4,2020-09-28,2020-09-28 06:00:00,2020-09-28 06:00:00,BPU20.csv,1,BPU20.csv,5.0,128.97
492,44102,6,30,129.01,8,2020-09-28,2020-09-28 06:30:00,2020-09-28 06:30:00,BPU20.csv,1,BPU20.csv,4.0,128.97
493,44103,2,30,128.65,0,2020-09-29,2020-09-29 02:30:00,2020-09-29 02:30:00,BPU20.csv,1,BPU20.csv,-8.0,129.01000000000002
494,44103,6,0,128.66,-5,2020-09-29,2020-09-29 06:00:00,2020-09-29 06:00:00,BPU20.csv,1,BPU20.csv,-5.0,129.01000000000002
495,44103,6,30,128.59,0,2020-09-29,2020-09-29 06:30:00,2020-09-29 06:30:00,BPU20.csv,1,BPU20.csv,5.0,128.97
496,44103,9,0,128.62,4,2020-09-29,2020-09-29 09:00:00,2020-09-29 09:00:00,BPU20.csv,1,BPU20.csv,4.0,128.97
497,44103,11,0,128.47,0,2020-09-29,2020-09-29 11:00:00,2020-09-29 11:00:00,BPU20.csv,1,BPU20.csv,-4.0,129.01000000000002
498,44104,2,30,128.35,3,2020-09-30,2020-09-30 02:30:00,2020-09-30 02:30:00,BPU20.csv,1,BPU20.csv,3.0,128.97
499,44104,8,0,128.32,13,2020-09-30,2020-09-30 08:00:00,2020-09-30 08:00:00,BPU20.csv,1,BPU20.csv,10.0,128.97
500,44104,9,0,128.54,6,2020-09-30,2020-09-30 09:00:00,2020-09-30 09:00:00,BPU20.csv,1,BPU20.csv,-7.0,129.01000000000002
501,44104,11,0,129.33,-2,2020-09-30,2020-09-30 11:00:00,2020-09-30 11:00:00,BPU20.csv,1,BPU20.csv,-8.0,129.01000000000002
502,44104,13,0,129.15,3,2020-09-30,2020-09-30 13:00:00,2020-09-30 13:00:00,BPU20.csv,1,BPU20.csv,5.0,128.97
503,44104,15,0,129.01,5,2020-09-30,2020-09-30 15:00:00,2020-09-30 15:00:00,BPU20.csv,1,BPU20.csv,2.0,128.97
