day,hour,min,price,inventory,date,timestamp,minute,main_contract,main_volume,main_contract_clean,signal,opti_price,filled_price,benchmark_amount,amount,slippage
44622,6,0,332.38,1,2022-03-02,2022-03-02 06:00:00,2022-03-02 06:00:00,HOJ22.csv,16,HOJ22.csv,1.0,332.23,332.23,332.38,332.23,0.14999999999997726
44622,10,30,337.18,3,2022-03-02,2022-03-02 10:30:00,2022-03-02 10:30:00,HOJ22.csv,39,HOJ22.csv,2.0,337.57000000000005,337.57000000000005,674.36,675.1400000000001,-0.7800000000000864
44622,12,0,340.33,6,2022-03-02,2022-03-02 12:00:00,2022-03-02 12:00:00,HOJ22.csv,45,HOJ22.csv,3.0,340.03000000000003,340.03000000000003,1020.99,1020.0900000000001,0.8999999999998636
44622,16,0,354.31,4,2022-03-02,2022-03-02 16:00:00,2022-03-02 16:00:00,HOJ22.csv,7,HOJ22.csv,-2.0,354.28,354.28,708.62,708.56,-0.06000000000005912
44623,6,0,362.81,3,2022-03-03,2022-03-03 06:00:00,2022-03-03 06:00:00,HOJ22.csv,4,HOJ22.csv,-1.0,363.22,363.22,362.81,363.22,0.410000000000025
44623,12,0,349.89,2,2022-03-03,2022-03-03 12:00:00,2022-03-03 12:00:00,HOJ22.csv,79,HOJ22.csv,-1.0,349.98,352.58,349.89,352.58,2.6899999999999977
44623,16,0,350.08,0,2022-03-03,2022-03-03 16:00:00,2022-03-03 16:00:00,HOJ22.csv,23,HOJ22.csv,-2.0,350.17,350.17,700.16,700.34,0.18000000000006366
44624,10,30,369.01,2,2022-03-04,2022-03-04 10:30:00,2022-03-04 10:30:00,HOJ22.csv,25,HOJ22.csv,2.0,368.75,368.75,738.02,737.5,0.5199999999999818
44624,12,0,365.49,6,2022-03-04,2022-03-04 12:00:00,2022-03-04 12:00:00,HOJ22.csv,63,HOJ22.csv,4.0,365.99,365.99,1461.96,1463.96,-2.0
44624,16,0,376.9,3,2022-03-04,2022-03-04 16:00:00,2022-03-04 16:00:00,HOJ22.csv,9,HOJ22.csv,-3.0,377.09,377.09,1130.6999999999998,1131.27,0.5700000000001637
44624,16,20,376.52,0,2022-03-04,2022-03-04 16:20:00,2022-03-04 16:20:00,HOJ22.csv,2,HOJ22.csv,-3.0,377.23,377.23,1129.56,1131.69,2.130000000000109
44627,10,30,389.24,2,2022-03-07,2022-03-07 10:30:00,2022-03-07 10:30:00,HOJ22.csv,106,HOJ22.csv,2.0,389.15,389.15,778.48,778.3,0.18000000000006366
44627,12,0,394.21,6,2022-03-07,2022-03-07 12:00:00,2022-03-07 12:00:00,HOJ22.csv,54,HOJ22.csv,4.0,394.12,394.12,1576.84,1576.48,0.35999999999989996
44627,14,30,390.88,5,2022-03-07,2022-03-07 14:30:00,2022-03-07 14:30:00,HOJ22.csv,245,HOJ22.csv,-1.0,390.97,390.97,390.88,390.97,0.09000000000003183
44627,16,0,394.44,3,2022-03-07,2022-03-07 16:00:00,2022-03-07 16:00:00,HOJ22.csv,8,HOJ22.csv,-2.0,395.42,395.42,788.88,790.84,1.9600000000000364
44628,10,30,439.78,5,2022-03-08,2022-03-08 10:30:00,2022-03-08 10:30:00,HOJ22.csv,35,HOJ22.csv,2.0,439.69,439.69,879.56,879.38,0.17999999999994998
44628,12,0,443.24,2,2022-03-08,2022-03-08 12:00:00,2022-03-08 12:00:00,HOK22.csv,52,HOJ22.csv,-3.0,443.33,443.33,1329.72,1329.99,0.2699999999999818
44628,14,30,442.93,0,2022-03-08,2022-03-08 14:30:00,2022-03-08 14:30:00,HOJ22.csv,86,HOJ22.csv,-2.0,443.02,443.02,885.86,886.04,0.17999999999994998
44630,4,30,370.73,-2,2022-03-10,2022-03-10 04:30:00,2022-03-10 04:30:00,HOK22.csv,2,HOK22.csv,-2.0,353.25,354.48,741.46,708.96,-32.5
44630,8,30,367.68,0,2022-03-10,2022-03-10 08:30:00,2022-03-10 08:30:00,HOJ22.csv,31,HOJ22.csv,2.0,366.16,366.16,735.36,732.32,3.0399999999999636
44630,12,0,334.09,3,2022-03-10,2022-03-10 12:00:00,2022-03-10 12:00:00,HOJ22.csv,62,HOJ22.csv,3.0,334.34000000000003,334.34000000000003,1002.27,1003.0200000000001,-0.7500000000001137
44630,16,0,330.64,2,2022-03-10,2022-03-10 16:00:00,2022-03-10 16:00:00,HOJ22.csv,6,HOJ22.csv,-1.0,330.03,330.58,330.64,330.58,-0.060000000000002274
44631,4,30,338.46,0,2022-03-11,2022-03-11 04:30:00,2022-03-11 04:30:00,HOJ22.csv,11,HOJ22.csv,-2.0,338.54999999999995,338.54999999999995,676.92,677.0999999999999,0.17999999999994998
44631,8,30,330.3,2,2022-03-11,2022-03-11 08:30:00,2022-03-11 08:30:00,HOJ22.csv,44,HOJ22.csv,2.0,328.70000000000005,328.70000000000005,660.6,657.4000000000001,3.199999999999932
44631,12,0,340.06,6,2022-03-11,2022-03-11 12:00:00,2022-03-11 12:00:00,HOJ22.csv,38,HOJ22.csv,4.0,342.67,342.67,1360.24,1370.68,-10.440000000000055
44631,16,0,340.73,3,2022-03-11,2022-03-11 16:00:00,2022-03-11 16:00:00,HOJ22.csv,5,HOJ22.csv,-3.0,341.1,341.1,1022.19,1023.3000000000001,1.1100000000000136
44631,16,20,341.94,0,2022-03-11,2022-03-11 16:20:00,2022-03-11 16:20:00,HOJ22.csv,3,HOJ22.csv,-3.0,341.94,341.85,1025.82,1025.5500000000002,-0.26999999999975444
44634,4,30,339.89,-2,2022-03-14,2022-03-14 04:30:00,2022-03-14 04:30:00,HOJ22.csv,15,HOJ22.csv,-2.0,339.06,339.06,679.78,678.12,-1.6599999999999682
44634,6,0,333.84,-1,2022-03-14,2022-03-14 06:00:00,2022-03-14 06:00:00,HOJ22.csv,10,HOJ22.csv,1.0,335.04,335.04,333.84,335.04,-1.2000000000000455
44634,6,30,333.12,0,2022-03-14,2022-03-14 06:30:00,2022-03-14 06:30:00,HOJ22.csv,3,HOJ22.csv,1.0,333.76000000000005,334.34,333.12,334.34,-1.2199999999999704
44634,8,30,334.69,2,2022-03-14,2022-03-14 08:30:00,2022-03-14 08:30:00,HOM22.csv,2,HOM22.csv,2.0,311.73,311.73,669.38,623.46,45.91999999999996
44634,10,30,327.39,1,2022-03-14,2022-03-14 10:30:00,2022-03-14 10:30:00,HOJ22.csv,14,HOJ22.csv,-1.0,327.48,327.48,327.39,327.48,0.09000000000003183
44635,6,0,306.32,0,2022-03-15,2022-03-15 06:00:00,2022-03-15 06:00:00,HOJ22.csv,2,HOJ22.csv,-1.0,306.41,306.41,306.32,306.41,0.09000000000003183
44635,12,0,300.42,1,2022-03-15,2022-03-15 12:00:00,2022-03-15 12:00:00,HOJ22.csv,74,HOJ22.csv,1.0,300.33000000000004,300.33000000000004,300.42,300.33000000000004,0.08999999999997499
44636,12,0,309.37,2,2022-03-16,2022-03-16 12:00:00,2022-03-16 12:00:00,HOJ22.csv,12,HOJ22.csv,1.0,308.98,307.87,309.37,307.87,1.5
44636,16,0,311.69,0,2022-03-16,2022-03-16 16:00:00,2022-03-16 16:00:00,HOJ22.csv,2,HOJ22.csv,-2.0,312.84,312.84,623.38,625.68,2.2999999999999545
44637,4,30,328.31,-2,2022-03-17,2022-03-17 04:30:00,2022-03-17 04:30:00,HOJ22.csv,1,HOK22.csv,-2.0,313.78,311.02,656.62,622.04,-34.58000000000004
44637,8,30,337.42,0,2022-03-17,2022-03-17 08:30:00,2022-03-17 08:30:00,HOK22.csv,8,HOM22.csv,2.0,307.8,307.52,674.84,615.04,59.80000000000007
44637,12,0,354.81,3,2022-03-17,2022-03-17 12:00:00,2022-03-17 12:00:00,HOK22.csv,42,HOJ22.csv,3.0,354.72,353.83,1064.43,1061.49,2.9400000000000546
44637,16,0,348.49,0,2022-03-17,2022-03-17 16:00:00,2022-03-17 16:00:00,HOK22.csv,8,HOJ22.csv,-3.0,348.86,348.96,1045.47,1046.8799999999999,1.4099999999998545
44638,12,0,351.18,3,2022-03-18,2022-03-18 12:00:00,2022-03-18 12:00:00,HOK22.csv,10,HOK22.csv,3.0,331.06,331.06,1053.54,993.1800000000001,60.3599999999999
44638,16,0,361.09,0,2022-03-18,2022-03-18 16:00:00,2022-03-18 16:00:00,HOK22.csv,4,HOK22.csv,-3.0,339.19,337.76,1083.27,1013.28,-69.99000000000001
44641,6,30,351.03,1,2022-03-21,2022-03-21 06:30:00,2022-03-21 06:30:00,HOK22.csv,1,HOK22.csv,1.0,350.94,352.15,351.03,352.15,-1.1200000000000045
44641,10,30,359.13,0,2022-03-21,2022-03-21 10:30:00,2022-03-21 10:30:00,HOK22.csv,47,HOK22.csv,-1.0,359.1,359.1,359.13,359.1,-0.029999999999972715
44641,12,0,358.09,2,2022-03-21,2022-03-21 12:00:00,2022-03-21 12:00:00,HOJ22.csv,14,HOK22.csv,2.0,358.45000000000005,358.45000000000005,716.18,716.9000000000001,-0.720000000000141
44642,12,0,355.9,5,2022-03-22,2022-03-22 12:00:00,2022-03-22 12:00:00,HOK22.csv,9,HOK22.csv,3.0,355.81,355.81,1067.6999999999998,1067.43,0.26999999999975444
44642,16,0,357.56,3,2022-03-22,2022-03-22 16:00:00,2022-03-22 16:00:00,HOK22.csv,17,HOK22.csv,-2.0,357.33,357.33,715.12,714.66,-0.4600000000000364
44643,6,0,362.76,4,2022-03-23,2022-03-23 06:00:00,2022-03-23 06:00:00,HOK22.csv,1,HOK22.csv,1.0,362.3200000000001,362.3200000000001,362.76,362.3200000000001,0.43999999999988404
44643,12,0,378.27,1,2022-03-23,2022-03-23 12:00:00,2022-03-23 12:00:00,HOK22.csv,69,HOK22.csv,-3.0,378.31,378.31,1134.81,1134.93,0.12000000000011823
44644,6,0,378.7,0,2022-03-24,2022-03-24 06:00:00,2022-03-24 06:00:00,HOK22.csv,1,HOK22.csv,-1.0,378.91,378.91,378.7,378.91,0.21000000000003638
44644,12,0,377.22,3,2022-03-24,2022-03-24 12:00:00,2022-03-24 12:00:00,HOK22.csv,16,HOK22.csv,3.0,377.48,377.48,1131.66,1132.44,-0.7799999999999727
44644,16,0,379.54,0,2022-03-24,2022-03-24 16:00:00,2022-03-24 16:00:00,HOK22.csv,10,HOK22.csv,-3.0,379.63,379.56,1138.6200000000001,1138.68,0.05999999999994543
44645,12,0,373.38,3,2022-03-25,2022-03-25 12:00:00,2022-03-25 12:00:00,HOK22.csv,27,HOK22.csv,3.0,372.91,372.91,1120.1399999999999,1118.73,1.4099999999998545
44645,16,0,370.85,2,2022-03-25,2022-03-25 16:00:00,2022-03-25 16:00:00,HOM22.csv,2,HOK22.csv,-1.0,371.36,370.96,370.85,370.96,0.1099999999999568
44645,16,20,371.05,0,2022-03-25,2022-03-25 16:20:00,2022-03-25 16:20:00,HOK22.csv,2,HOK22.csv,-2.0,371.09,371.09,742.1,742.18,0.07999999999992724
44648,4,30,362.69,1,2022-03-28,2022-03-28 04:30:00,2022-03-28 04:30:00,HOK22.csv,2,HOK22.csv,1.0,363.5700000000001,363.5700000000001,362.69,363.5700000000001,-0.8800000000001091
44648,8,30,358.65,0,2022-03-28,2022-03-28 08:30:00,2022-03-28 08:30:00,HOK22.csv,4,HOK22.csv,-1.0,358.98,358.98,358.65,358.98,0.3300000000000409
44648,12,0,357.77,2,2022-03-28,2022-03-28 12:00:00,2022-03-28 12:00:00,HOK22.csv,19,HOK22.csv,2.0,357.68,360.04,715.54,720.08,-4.540000000000077
44649,4,30,350.89,0,2022-03-29,2022-03-29 04:30:00,2022-03-29 04:30:00,HOK22.csv,5,HOK22.csv,-2.0,351.61,351.61,701.78,703.22,1.4400000000000546
44649,8,30,326.9,2,2022-03-29,2022-03-29 08:30:00,2022-03-29 08:30:00,HOK22.csv,27,HOK22.csv,2.0,326.81,322.43,653.8,644.86,8.93999999999994
44649,12,0,335.39,1,2022-03-29,2022-03-29 12:00:00,2022-03-29 12:00:00,HOK22.csv,15,HOK22.csv,-1.0,335.48,335.97,335.39,335.97,0.5800000000000409
44649,16,0,342.5,0,2022-03-29,2022-03-29 16:00:00,2022-03-29 16:00:00,HOK22.csv,1,HOK22.csv,-1.0,342.59,343.07,342.5,343.07,0.5699999999999932
44651,6,0,330.69,1,2022-03-31,2022-03-31 06:00:00,2022-03-31 06:00:00,HOK22.csv,4,HOK22.csv,1.0,329.55,329.55,330.69,329.55,1.1399999999999864
44652,4,30,334.8,3,2022-04-01,2022-04-01 04:30:00,2022-04-01 04:30:00,HOK22.csv,2,HOK22.csv,2.0,335.22,335.22,669.6,670.44,-0.8400000000000318
44652,6,0,338.72,2,2022-04-01,2022-04-01 06:00:00,2022-04-01 06:00:00,HOK22.csv,9,HOK22.csv,-1.0,338.86999999999995,338.86999999999995,338.72,338.86999999999995,0.14999999999992042
44652,8,30,335.78,0,2022-04-01,2022-04-01 08:30:00,2022-04-01 08:30:00,HON22.csv,6,HOK22.csv,-2.0,335.86999999999995,337.16,671.56,674.32,2.7600000000001046
44652,12,0,339.0,2,2022-04-01,2022-04-01 12:00:00,2022-04-01 12:00:00,HOK22.csv,11,HOK22.csv,2.0,338.70000000000005,338.70000000000005,678.0,677.4000000000001,0.599999999999909
44652,16,0,346.14,0,2022-04-01,2022-04-01 16:00:00,2022-04-01 16:00:00,HOK22.csv,2,HOK22.csv,-2.0,345.86,345.86,692.28,691.72,-0.5599999999999454
44655,6,0,348.77,-1,2022-04-04,2022-04-04 06:00:00,2022-04-04 06:00:00,HOK22.csv,2,HOK22.csv,-1.0,349.14,349.14,348.77,349.14,0.37000000000000455
44656,6,0,353.76,1,2022-04-05,2022-04-05 06:00:00,2022-04-05 06:00:00,HOK22.csv,5,HOK22.csv,2.0,352.52000000000004,352.52000000000004,707.52,705.0400000000001,2.4799999999999045
44656,6,30,354.17,3,2022-04-05,2022-04-05 06:30:00,2022-04-05 06:30:00,HOK22.csv,6,HOK22.csv,2.0,353.95000000000005,353.35,708.34,706.7,1.6399999999999864
44656,10,30,353.28,1,2022-04-05,2022-04-05 10:30:00,2022-04-05 10:30:00,HOK22.csv,26,HOK22.csv,-2.0,352.42,352.42,706.56,704.84,-1.7199999999999136
44656,12,0,345.27,0,2022-04-05,2022-04-05 12:00:00,2022-04-05 12:00:00,HOK22.csv,30,HOK22.csv,-1.0,345.97,345.97,345.27,345.97,0.7000000000000455
44657,4,30,352.62,-2,2022-04-06,2022-04-06 04:30:00,2022-04-06 04:30:00,HOK22.csv,7,HOK22.csv,-2.0,352.71,352.71,705.24,705.42,0.17999999999994998
44657,6,0,354.49,-3,2022-04-06,2022-04-06 06:00:00,2022-04-06 06:00:00,HOK22.csv,4,HOK22.csv,-1.0,354.98,354.89,354.49,354.89,0.39999999999997726
44657,8,30,353.46,-1,2022-04-06,2022-04-06 08:30:00,2022-04-06 08:30:00,HOK22.csv,13,HOK22.csv,2.0,353.56,353.56,706.92,707.12,-0.20000000000004547
44657,12,0,339.91,0,2022-04-06,2022-04-06 12:00:00,2022-04-06 12:00:00,HOK22.csv,33,HOK22.csv,1.0,339.38000000000005,340.93,339.91,340.93,-1.0199999999999818
44658,4,30,332.69,1,2022-04-07,2022-04-07 04:30:00,2022-04-07 04:30:00,HOK22.csv,75,HOK22.csv,1.0,332.6,332.6,332.69,332.6,0.08999999999997499
44658,8,30,338.69,0,2022-04-07,2022-04-07 08:30:00,2022-04-07 08:30:00,HOK22.csv,8,HOK22.csv,-1.0,338.78,337.66,338.69,337.66,-1.0299999999999727
44658,10,30,333.94,-1,2022-04-07,2022-04-07 10:30:00,2022-04-07 10:30:00,HOK22.csv,71,HOK22.csv,-1.0,333.95,333.95,333.94,333.95,0.009999999999990905
44658,14,30,327.09,0,2022-04-07,2022-04-07 14:30:00,2022-04-07 14:30:00,HOK22.csv,50,HOK22.csv,1.0,326.54,326.54,327.09,326.54,0.5499999999999545
44659,4,30,330.2,2,2022-04-08,2022-04-08 04:30:00,2022-04-08 04:30:00,HOK22.csv,4,HOK22.csv,2.0,329.32000000000005,330.22,660.4,660.44,-0.04000000000007731
44659,8,30,330.31,0,2022-04-08,2022-04-08 08:30:00,2022-04-08 08:30:00,HOK22.csv,6,HOK22.csv,-2.0,329.72,329.72,660.62,659.44,-1.17999999999995
44662,6,0,329.94,-1,2022-04-11,2022-04-11 06:00:00,2022-04-11 06:00:00,HOK22.csv,1,HOK22.csv,-1.0,330.14,330.14,329.94,330.14,0.19999999999998863
44662,12,0,327.37,0,2022-04-11,2022-04-11 12:00:00,2022-04-11 12:00:00,HOK22.csv,21,HOK22.csv,1.0,325.91,326.74,327.37,326.74,0.6299999999999955
44662,16,0,328.64,-1,2022-04-11,2022-04-11 16:00:00,2022-04-11 16:00:00,HOK22.csv,4,HOK22.csv,-1.0,328.73,328.73,328.64,328.73,0.09000000000003183
44663,4,30,334.41,-2,2022-04-12,2022-04-12 04:30:00,2022-04-12 04:30:00,HOK22.csv,4,HOK22.csv,-1.0,334.5,333.93,334.41,333.93,-0.4800000000000182
44663,6,0,337.16,-1,2022-04-12,2022-04-12 06:00:00,2022-04-12 06:00:00,HOM22.csv,7,HOM22.csv,1.0,323.70000000000005,324.62,337.16,324.62,12.54000000000002
44663,8,30,339.86,0,2022-04-12,2022-04-12 08:30:00,2022-04-12 08:30:00,HOK22.csv,19,HOK22.csv,1.0,340.44,340.44,339.86,340.44,-0.5799999999999841
44663,10,30,342.38,2,2022-04-12,2022-04-12 10:30:00,2022-04-12 10:30:00,HOK22.csv,11,HOK22.csv,2.0,343.06,343.06,684.76,686.12,-1.3600000000000136
44663,12,0,344.85,6,2022-04-12,2022-04-12 12:00:00,2022-04-12 12:00:00,HOK22.csv,25,HOK22.csv,4.0,344.72,344.72,1379.4,1378.88,0.5199999999999818
44663,16,0,346.79,3,2022-04-12,2022-04-12 16:00:00,2022-04-12 16:00:00,HOK22.csv,32,HOK22.csv,-3.0,346.88,346.88,1040.3700000000001,1040.6399999999999,0.26999999999975444
44664,6,0,349.37,6,2022-04-13,2022-04-13 06:00:00,2022-04-13 06:00:00,HON22.csv,51,HOM22.csv,3.0,334.37,335.06,1048.1100000000001,1005.1800000000001,42.930000000000064
44664,16,0,373.13,3,2022-04-13,2022-04-13 16:00:00,2022-04-13 16:00:00,HOK22.csv,9,HOK22.csv,-3.0,373.56,373.56,1119.3899999999999,1120.68,1.290000000000191
44665,6,0,370.7,2,2022-04-14,2022-04-14 06:00:00,2022-04-14 06:00:00,HOK22.csv,3,HOK22.csv,-1.0,370.56,370.56,370.7,370.56,-0.13999999999998636
44665,10,30,377.34,3,2022-04-14,2022-04-14 10:30:00,2022-04-14 10:30:00,HOK22.csv,65,HOK22.csv,1.0,378.06,378.06,377.34,378.06,-0.7200000000000273
44665,12,0,378.24,6,2022-04-14,2022-04-14 12:00:00,2022-04-14 12:00:00,HOM22.csv,47,HOK22.csv,3.0,379.46,379.46,1134.72,1138.3799999999999,-3.6599999999998545
44665,14,30,385.54,5,2022-04-14,2022-04-14 14:30:00,2022-04-14 14:30:00,HOM22.csv,50,HOK22.csv,-1.0,385.32,385.32,385.54,385.32,-0.22000000000002728
44666,6,0,382.59,3,2022-04-15,2022-04-15 06:00:00,2022-04-15 06:00:00,HOK22.csv,8,HOK22.csv,-2.0,383.34,385.7,765.18,771.4,6.220000000000027
44666,12,0,382.59,0,2022-04-15,2022-04-15 12:00:00,2022-04-15 12:00:00,HOK22.csv,8,HOK22.csv,-3.0,383.34,385.7,1147.77,1157.1,9.329999999999927
44669,6,0,384.08,2,2022-04-18,2022-04-18 06:00:00,2022-04-18 06:00:00,HOK22.csv,1,HOK22.csv,2.0,383.99,383.99,768.16,767.98,0.17999999999994998
44669,12,0,392.41,6,2022-04-18,2022-04-18 12:00:00,2022-04-18 12:00:00,HOM22.csv,13,HOM22.csv,4.0,368.5100000000001,369.0,1569.64,1476.0,93.6400000000001
44669,16,0,390.79,5,2022-04-18,2022-04-18 16:00:00,2022-04-18 16:00:00,HOK22.csv,2,HOK22.csv,-1.0,390.83,390.98,390.79,390.98,0.18999999999999773
44670,6,0,360.0,3,2022-04-19,2022-04-19 06:00:00,2022-04-19 06:00:00,HOM22.csv,11,HOM22.csv,-2.0,359.79,359.79,720.0,719.58,-0.4199999999999591
44670,16,0,357.19,2,2022-04-19,2022-04-19 16:00:00,2022-04-19 16:00:00,HOM22.csv,2,HOM22.csv,-1.0,357.28,357.28,357.19,357.28,0.08999999999997499
44671,12,0,359.01,3,2022-04-20,2022-04-20 12:00:00,2022-04-20 12:00:00,HOM22.csv,25,HOM22.csv,1.0,358.99,358.99,359.01,358.99,0.01999999999998181
44671,16,0,366.49,0,2022-04-20,2022-04-20 16:00:00,2022-04-20 16:00:00,HOM22.csv,3,HOM22.csv,-3.0,366.32,366.32,1099.47,1098.96,-0.5099999999999909
44672,12,0,360.98,2,2022-04-21,2022-04-21 12:00:00,2022-04-21 12:00:00,HOM22.csv,25,HOM22.csv,2.0,361.27,361.27,721.96,722.54,-0.5799999999999272
44672,16,0,363.65,1,2022-04-21,2022-04-21 16:00:00,2022-04-21 16:00:00,HOM22.csv,11,HOM22.csv,-1.0,364.21,364.32,363.65,364.32,0.6700000000000159
44673,4,30,359.9,2,2022-04-22,2022-04-22 04:30:00,2022-04-22 04:30:00,HOM22.csv,29,HOM22.csv,1.0,359.81,357.41,359.9,357.41,2.4899999999999523
44673,6,0,358.08,0,2022-04-22,2022-04-22 06:00:00,2022-04-22 06:00:00,HOM22.csv,1,HOM22.csv,-2.0,358.17,358.77,716.16,717.54,1.3799999999999955
44673,8,30,362.91,-1,2022-04-22,2022-04-22 08:30:00,2022-04-22 08:30:00,HOM22.csv,14,HOM22.csv,-1.0,363.0,363.0,362.91,363.0,0.08999999999997499
44673,16,20,361.39,0,2022-04-22,2022-04-22 16:20:00,2022-04-22 16:20:00,HOM22.csv,2,HOM22.csv,1.0,361.23,361.19,361.39,361.19,0.19999999999998863
44676,12,0,353.17,1,2022-04-25,2022-04-25 12:00:00,2022-04-25 12:00:00,HOK22.csv,13,HOM22.csv,1.0,352.69,352.69,353.17,352.69,0.4800000000000182
44676,16,0,367.67,0,2022-04-25,2022-04-25 16:00:00,2022-04-25 16:00:00,HOM22.csv,29,HOM22.csv,-1.0,367.08,367.08,367.67,367.08,-0.5900000000000318
44677,6,0,365.76,1,2022-04-26,2022-04-26 06:00:00,2022-04-26 06:00:00,HOM22.csv,2,HOM22.csv,1.0,365.87,365.87,365.76,365.87,-0.11000000000001364
44677,12,0,377.71,5,2022-04-26,2022-04-26 12:00:00,2022-04-26 12:00:00,HOM22.csv,8,HOM22.csv,4.0,378.24,378.24,1510.84,1512.96,-2.1200000000001182
44677,16,0,384.35,1,2022-04-26,2022-04-26 16:00:00,2022-04-26 16:00:00,HON22.csv,7,HOM22.csv,-4.0,385.05,385.05,1537.4,1540.2,2.7999999999999545
44678,6,0,381.65,2,2022-04-27,2022-04-27 06:00:00,2022-04-27 06:00:00,HOM22.csv,14,HOM22.csv,1.0,381.56,381.56,381.65,381.56,0.08999999999997499
44678,12,0,386.05,6,2022-04-27,2022-04-27 12:00:00,2022-04-27 12:00:00,HOM22.csv,15,HOM22.csv,4.0,386.36,386.36,1544.2,1545.44,-1.240000000000009
44678,16,0,394.67,4,2022-04-27,2022-04-27 16:00:00,2022-04-27 16:00:00,HOM22.csv,5,HOM22.csv,-2.0,394.76,394.53,789.34,789.06,-0.2800000000000864
44679,6,0,394.25,2,2022-04-28,2022-04-28 06:00:00,2022-04-28 06:00:00,HOM22.csv,3,HOM22.csv,-2.0,393.43,393.46,788.5,786.92,-1.580000000000041
44679,6,30,394.96,3,2022-04-28,2022-04-28 06:30:00,2022-04-28 06:30:00,HOM22.csv,2,HOM22.csv,1.0,394.17,394.17,394.96,394.17,0.7899999999999636
44679,10,30,393.22,2,2022-04-28,2022-04-28 10:30:00,2022-04-28 10:30:00,HOM22.csv,41,HOM22.csv,-1.0,394.08,394.08,393.22,394.08,0.8599999999999568
44679,12,0,399.86,0,2022-04-28,2022-04-28 12:00:00,2022-04-28 12:00:00,HOM22.csv,24,HOM22.csv,-2.0,400.36,400.36,799.72,800.72,1.0
44680,6,0,407.4,1,2022-04-29,2022-04-29 06:00:00,2022-04-29 06:00:00,HOM22.csv,2,HOM22.csv,1.0,406.84,406.93,407.4,406.93,0.46999999999997044
44680,12,0,411.86,6,2022-04-29,2022-04-29 12:00:00,2022-04-29 12:00:00,HOM22.csv,37,HOM22.csv,5.0,411.41,411.41,2059.3,2057.05,2.25
44680,16,0,399.1,1,2022-04-29,2022-04-29 16:00:00,2022-04-29 16:00:00,HOM22.csv,7,HOM22.csv,-5.0,400.0,400.0,1995.5,2000.0,4.5
44680,16,20,400.55,0,2022-04-29,2022-04-29 16:20:00,2022-04-29 16:20:00,HOM22.csv,2,HOM22.csv,-1.0,400.64,400.64,400.55,400.64,0.08999999999997499
44683,6,30,398.68,2,2022-05-02,2022-05-02 06:30:00,2022-05-02 06:30:00,HOM22.csv,3,HOM22.csv,2.0,398.6,398.6,797.36,797.2,0.15999999999996817
44683,12,0,414.78,4,2022-05-02,2022-05-02 12:00:00,2022-05-02 12:00:00,HOM22.csv,57,HOM22.csv,2.0,414.39,414.39,829.56,828.78,0.7799999999999727
44683,14,30,421.12,2,2022-05-02,2022-05-02 14:30:00,2022-05-02 14:30:00,HOM22.csv,87,HOM22.csv,-2.0,421.28,421.28,842.24,842.56,0.31999999999993634
44684,12,0,407.36,1,2022-05-03,2022-05-03 12:00:00,2022-05-03 12:00:00,HOM22.csv,46,HOM22.csv,-1.0,407.45,407.45,407.36,407.45,0.08999999999997499
44684,16,0,409.6,0,2022-05-03,2022-05-03 16:00:00,2022-05-03 16:00:00,HON22.csv,6,HON22.csv,-1.0,375.09,374.27,409.6,374.27,-35.33000000000004
44685,10,30,415.12,3,2022-05-04,2022-05-04 10:30:00,2022-05-04 10:30:00,HOM22.csv,43,HOM22.csv,3.0,415.03,415.03,1245.3600000000001,1245.09,0.2700000000002092
44685,12,0,412.27,6,2022-05-04,2022-05-04 12:00:00,2022-05-04 12:00:00,HOM22.csv,67,HOM22.csv,3.0,412.18,412.18,1236.81,1236.54,0.2699999999999818
44685,14,30,419.88,5,2022-05-04,2022-05-04 14:30:00,2022-05-04 14:30:00,HOM22.csv,59,HOM22.csv,-1.0,419.97,419.14,419.88,419.14,-0.7400000000000091
44685,16,0,423.42,2,2022-05-04,2022-05-04 16:00:00,2022-05-04 16:00:00,HOM22.csv,5,HOM22.csv,-3.0,423.01,423.01,1270.26,1269.03,-1.2300000000000182
44686,12,0,407.49,-1,2022-05-05,2022-05-05 12:00:00,2022-05-05 12:00:00,HOM22.csv,71,HOM22.csv,-3.0,406.58,406.58,1222.47,1219.74,-2.730000000000018
44687,4,30,404.73,1,2022-05-06,2022-05-06 04:30:00,2022-05-06 04:30:00,HOM22.csv,2,HOM22.csv,2.0,405.27,405.27,809.46,810.54,-1.0799999999999272
44687,6,0,405.1,2,2022-05-06,2022-05-06 06:00:00,2022-05-06 06:00:00,HOM22.csv,1,HOM22.csv,1.0,404.85,404.85,405.1,404.85,0.25
44687,8,30,400.14,0,2022-05-06,2022-05-06 08:30:00,2022-05-06 08:30:00,HON22.csv,38,HON22.csv,-2.0,379.6,381.07,800.28,762.14,-38.139999999999986
44687,12,0,401.36,5,2022-05-06,2022-05-06 12:00:00,2022-05-06 12:00:00,HOM22.csv,19,HOM22.csv,5.0,401.58,401.58,2006.8000000000002,2007.8999999999999,-1.0999999999996817
44687,16,0,401.21,3,2022-05-06,2022-05-06 16:00:00,2022-05-06 16:00:00,HOM22.csv,20,HOM22.csv,-2.0,400.85,400.85,802.42,801.7,-0.7199999999999136
44687,16,20,400.76,0,2022-05-06,2022-05-06 16:20:00,2022-05-06 16:20:00,HOM22.csv,3,HOM22.csv,-3.0,400.83,400.83,1202.28,1202.49,0.21000000000003638
44690,6,0,390.34,-1,2022-05-09,2022-05-09 06:00:00,2022-05-09 06:00:00,HOM22.csv,1,HOM22.csv,-1.0,390.22,390.19,390.34,390.19,-0.14999999999997726
44690,12,0,389.48,5,2022-05-09,2022-05-09 12:00:00,2022-05-09 12:00:00,HOM22.csv,37,HOM22.csv,6.0,389.61,389.61,2336.88,2337.66,-0.7799999999997453
44690,16,0,381.44,2,2022-05-09,2022-05-09 16:00:00,2022-05-09 16:00:00,HON22.csv,3,HOM22.csv,-3.0,381.79,382.02,1144.32,1146.06,1.740000000000009
44691,6,0,380.85,5,2022-05-10,2022-05-10 06:00:00,2022-05-10 06:00:00,HOM22.csv,2,HOM22.csv,3.0,381.0100000000001,381.23,1142.5500000000002,1143.69,-1.1399999999998727
44691,16,0,393.6,2,2022-05-10,2022-05-10 16:00:00,2022-05-10 16:00:00,HOM22.csv,22,HOM22.csv,-3.0,393.69,393.69,1180.8000000000002,1181.07,0.26999999999975444
44692,6,0,404.02,0,2022-05-11,2022-05-11 06:00:00,2022-05-11 06:00:00,HON22.csv,8,HOM22.csv,-2.0,404.11,403.33,808.04,806.66,-1.3799999999999955
44692,12,0,402.84,3,2022-05-11,2022-05-11 12:00:00,2022-05-11 12:00:00,HOM22.csv,33,HOM22.csv,3.0,403.8,403.8,1208.52,1211.4,-2.880000000000109
44692,16,0,393.17,0,2022-05-11,2022-05-11 16:00:00,2022-05-11 16:00:00,HOM22.csv,3,HOM22.csv,-3.0,394.09,394.01,1179.51,1182.03,2.519999999999982
44693,6,0,381.83,1,2022-05-12,2022-05-12 06:00:00,2022-05-12 06:00:00,HOM22.csv,8,HOM22.csv,1.0,383.09,383.09,381.83,383.09,-1.259999999999991
44693,12,0,392.76,3,2022-05-12,2022-05-12 12:00:00,2022-05-12 12:00:00,HOM22.csv,116,HOM22.csv,2.0,395.66,395.66,785.52,791.32,-5.800000000000068
44693,16,0,393.29,1,2022-05-12,2022-05-12 16:00:00,2022-05-12 16:00:00,HOM22.csv,4,HOM22.csv,-2.0,393.38,392.51,786.58,785.02,-1.5600000000000591
44694,4,30,394.49,-1,2022-05-13,2022-05-13 04:30:00,2022-05-13 04:30:00,HOM22.csv,26,HOM22.csv,-2.0,394.58,395.31,788.98,790.62,1.6399999999999864
44694,6,0,394.72,-4,2022-05-13,2022-05-13 06:00:00,2022-05-13 06:00:00,HOM22.csv,12,HOM22.csv,-3.0,394.81,393.27,1184.16,1179.81,-4.350000000000136
44694,8,30,396.51,-2,2022-05-13,2022-05-13 08:30:00,2022-05-13 08:30:00,HON22.csv,4,HOM22.csv,2.0,395.99,396.61,793.02,793.22,-0.20000000000004547
44694,10,30,398.58,0,2022-05-13,2022-05-13 10:30:00,2022-05-13 10:30:00,HOM22.csv,19,HOM22.csv,2.0,398.75,398.75,797.16,797.5,-0.34000000000003183
44694,12,0,399.94,6,2022-05-13,2022-05-13 12:00:00,2022-05-13 12:00:00,HON22.csv,23,HON22.csv,6.0,380.46,380.46,2399.64,2282.7599999999998,116.88000000000011
44694,14,30,392.36,4,2022-05-13,2022-05-13 14:30:00,2022-05-13 14:30:00,HOM22.csv,74,HOM22.csv,-2.0,392.44,392.44,784.72,784.88,0.15999999999996817
44694,16,0,393.71,1,2022-05-13,2022-05-13 16:00:00,2022-05-13 16:00:00,HON22.csv,3,HON22.csv,-3.0,377.48,377.39,1181.1299999999999,1132.17,-48.95999999999981
44694,16,20,393.52,0,2022-05-13,2022-05-13 16:20:00,2022-05-13 16:20:00,HOM22.csv,2,HOM22.csv,-1.0,393.59,393.5,393.52,393.5,-0.01999999999998181
44697,6,0,386.8,-2,2022-05-16,2022-05-16 06:00:00,2022-05-16 06:00:00,HOM22.csv,1,HOM22.csv,-2.0,386.89,386.09,773.6,772.18,-1.4200000000000728
44697,12,0,392.32,0,2022-05-16,2022-05-16 12:00:00,2022-05-16 12:00:00,HON22.csv,29,HON22.csv,2.0,378.2000000000001,378.2000000000001,784.64,756.4000000000002,28.23999999999978
44698,6,0,391.9,4,2022-05-17,2022-05-17 06:00:00,2022-05-17 06:00:00,HON22.csv,2,HOM22.csv,4.0,392.28,392.28,1567.6,1569.12,-1.5199999999999818
44698,12,0,387.19,5,2022-05-17,2022-05-17 12:00:00,2022-05-17 12:00:00,HOM22.csv,14,HON22.csv,1.0,375.08,375.08,387.19,375.08,12.110000000000014
44698,16,0,379.0,3,2022-05-17,2022-05-17 16:00:00,2022-05-17 16:00:00,HON22.csv,10,HON22.csv,-2.0,367.72,367.47,758.0,734.94,-23.059999999999945
44699,6,0,371.86,0,2022-05-18,2022-05-18 06:00:00,2022-05-18 06:00:00,HON22.csv,9,HON22.csv,-3.0,372.05,371.98,1115.58,1115.94,0.36000000000012733
44699,6,30,371.81,-4,2022-05-18,2022-05-18 06:30:00,2022-05-18 06:30:00,HOM22.csv,1,HON22.csv,-4.0,372.28,372.28,1487.24,1489.12,1.8799999999998818
44699,10,30,367.51,0,2022-05-18,2022-05-18 10:30:00,2022-05-18 10:30:00,HON22.csv,138,HON22.csv,4.0,367.3200000000001,367.3200000000001,1470.04,1469.2800000000004,0.7599999999995362
44699,12,0,358.4,-1,2022-05-18,2022-05-18 12:00:00,2022-05-18 12:00:00,HON22.csv,43,HON22.csv,-1.0,357.34,357.34,358.4,357.34,-1.0600000000000023
44700,4,30,352.51,2,2022-05-19,2022-05-19 04:30:00,2022-05-19 04:30:00,HON22.csv,9,HON22.csv,3.0,352.98,352.98,1057.53,1058.94,-1.4100000000000819
44700,6,0,345.38,3,2022-05-19,2022-05-19 06:00:00,2022-05-19 06:00:00,HON22.csv,43,HON22.csv,1.0,348.33000000000004,348.33000000000004,345.38,348.33000000000004,-2.9500000000000455
44700,6,30,349.4,2,2022-05-19,2022-05-19 06:30:00,2022-05-19 06:30:00,HON22.csv,2,HON22.csv,-1.0,347.41,347.79,349.4,347.79,-1.6099999999999568
44700,8,30,345.96,-1,2022-05-19,2022-05-19 08:30:00,2022-05-19 08:30:00,HON22.csv,14,HON22.csv,-3.0,345.89,345.89,1037.8799999999999,1037.67,-0.209999999999809
44700,10,30,355.45,0,2022-05-19,2022-05-19 10:30:00,2022-05-19 10:30:00,HON22.csv,46,HON22.csv,1.0,355.44,355.44,355.45,355.44,0.009999999999990905
44701,4,30,366.81,2,2022-05-20,2022-05-20 04:30:00,2022-05-20 04:30:00,HON22.csv,28,HON22.csv,2.0,366.35,366.35,733.62,732.7,0.9199999999999591
44701,8,30,365.9,0,2022-05-20,2022-05-20 08:30:00,2022-05-20 08:30:00,HON22.csv,6,HON22.csv,-2.0,365.99,365.99,731.8,731.98,0.18000000000006366
44701,12,0,365.84,1,2022-05-20,2022-05-20 12:00:00,2022-05-20 12:00:00,HON22.csv,35,HON22.csv,1.0,365.23,364.75,365.84,364.75,1.089999999999975
44701,16,0,363.0,0,2022-05-20,2022-05-20 16:00:00,2022-05-20 16:00:00,HON22.csv,5,HON22.csv,-1.0,363.32,363.32,363.0,363.32,0.3199999999999932
44704,4,30,366.21,2,2022-05-23,2022-05-23 04:30:00,2022-05-23 04:30:00,HON22.csv,22,HON22.csv,2.0,365.96,365.96,732.42,731.92,0.5
44704,6,0,365.5,1,2022-05-23,2022-05-23 06:00:00,2022-05-23 06:00:00,HOM22.csv,12,HON22.csv,-1.0,366.31,366.31,365.5,366.31,0.8100000000000023
44704,8,30,363.81,-1,2022-05-23,2022-05-23 08:30:00,2022-05-23 08:30:00,HON22.csv,5,HON22.csv,-2.0,363.96,363.96,727.62,727.92,0.2999999999999545
44704,12,0,363.67,2,2022-05-23,2022-05-23 12:00:00,2022-05-23 12:00:00,HON22.csv,36,HON22.csv,3.0,363.81,363.81,1091.01,1091.43,-0.42000000000007276
44704,16,0,365.41,0,2022-05-23,2022-05-23 16:00:00,2022-05-23 16:00:00,HON22.csv,12,HON22.csv,-2.0,365.68,365.68,730.82,731.36,0.5399999999999636
44705,4,30,363.47,4,2022-05-24,2022-05-24 04:30:00,2022-05-24 04:30:00,HON22.csv,2,HON22.csv,4.0,363.88000000000005,363.88000000000005,1453.88,1455.5200000000002,-1.6400000000001
44705,8,30,369.79,0,2022-05-24,2022-05-24 08:30:00,2022-05-24 08:30:00,HON22.csv,5,HON22.csv,-4.0,369.88,369.48,1479.16,1477.92,-1.240000000000009
44705,12,0,365.51,-3,2022-05-24,2022-05-24 12:00:00,2022-05-24 12:00:00,HON22.csv,51,HON22.csv,-3.0,364.84,364.84,1096.53,1094.52,-2.009999999999991
44705,16,0,366.49,-1,2022-05-24,2022-05-24 16:00:00,2022-05-24 16:00:00,HON22.csv,7,HON22.csv,2.0,366.66,366.22,732.98,732.44,0.5399999999999636
44706,4,30,369.8,1,2022-05-25,2022-05-25 04:30:00,2022-05-25 04:30:00,HON22.csv,7,HON22.csv,2.0,369.48,369.48,739.6,738.96,0.6399999999999864
44706,8,30,372.72,-1,2022-05-25,2022-05-25 08:30:00,2022-05-25 08:30:00,HON22.csv,11,HON22.csv,-2.0,372.66,372.66,745.44,745.32,-0.12000000000000455
44706,10,30,370.42,-2,2022-05-25,2022-05-25 10:30:00,2022-05-25 10:30:00,HON22.csv,105,HON22.csv,-1.0,370.9,370.9,370.42,370.9,0.47999999999996135
44706,14,30,374.54,-1,2022-05-25,2022-05-25 14:30:00,2022-05-25 14:30:00,HON22.csv,78,HON22.csv,1.0,374.4500000000001,374.4500000000001,374.54,374.4500000000001,0.08999999999991815
44707,6,0,376.74,0,2022-05-26,2022-05-26 06:00:00,2022-05-26 06:00:00,HON22.csv,1,HON22.csv,1.0,377.33,377.33,376.74,377.33,-0.589999999999975
44707,12,0,384.23,4,2022-05-26,2022-05-26 12:00:00,2022-05-26 12:00:00,HON22.csv,25,HON22.csv,4.0,384.14,384.14,1536.92,1536.56,0.36000000000012733
44707,16,0,385.93,3,2022-05-26,2022-05-26 16:00:00,2022-05-26 16:00:00,HON22.csv,3,HON22.csv,-1.0,386.11,385.63,385.93,385.63,-0.30000000000001137
44708,6,0,385.52,5,2022-05-27,2022-05-27 06:00:00,2022-05-27 06:00:00,HON22.csv,5,HON22.csv,2.0,385.25,385.25,771.04,770.5,0.5399999999999636
44708,10,30,387.4,6,2022-05-27,2022-05-27 10:30:00,2022-05-27 10:30:00,HON22.csv,43,HON22.csv,1.0,386.99,386.99,387.4,386.99,0.40999999999996817
44708,12,0,385.63,2,2022-05-27,2022-05-27 12:00:00,2022-05-27 12:00:00,HON22.csv,21,HON22.csv,-4.0,385.81,385.81,1542.52,1543.24,0.7200000000000273
44708,14,30,389.84,0,2022-05-27,2022-05-27 14:30:00,2022-05-27 14:30:00,HON22.csv,53,HON22.csv,-2.0,389.59,389.59,779.68,779.18,-0.5
44708,16,0,391.41,2,2022-05-27,2022-05-27 16:00:00,2022-05-27 16:00:00,HON22.csv,6,HON22.csv,2.0,391.06,391.47,782.82,782.94,-0.12000000000000455
44708,16,20,390.98,0,2022-05-27,2022-05-27 16:20:00,2022-05-27 16:20:00,HOM22.csv,1,HON22.csv,-2.0,391.16,390.82,781.96,781.64,-0.32000000000005
44711,6,0,391.39,2,2022-05-30,2022-05-30 06:00:00,2022-05-30 06:00:00,HON22.csv,1,HON22.csv,2.0,391.38000000000005,391.6,782.78,783.2,-0.42000000000007276
44711,12,0,396.24,6,2022-05-30,2022-05-30 12:00:00,2022-05-30 12:00:00,HON22.csv,3,HON22.csv,4.0,396.15,396.15,1584.96,1584.6,0.36000000000012733
44711,16,0,398.12,5,2022-05-30,2022-05-30 16:00:00,2022-05-30 16:00:00,HON22.csv,20,HON22.csv,-1.0,397.67,398.07,398.12,398.07,-0.05000000000001137
44712,6,0,412.62,3,2022-05-31,2022-05-31 06:00:00,2022-05-31 06:00:00,HON22.csv,2,HON22.csv,-2.0,413.13,413.13,825.24,826.26,1.0199999999999818
44712,12,0,410.22,0,2022-05-31,2022-05-31 12:00:00,2022-05-31 12:00:00,HON22.csv,21,HON22.csv,-3.0,411.22,411.22,1230.66,1233.66,3.0
44713,6,30,404.68,1,2022-06-01,2022-06-01 06:30:00,2022-06-01 06:30:00,HON22.csv,1,HON22.csv,1.0,404.48,404.48,404.68,404.48,0.19999999999998863
44713,10,30,408.77,3,2022-06-01,2022-06-01 10:30:00,2022-06-01 10:30:00,HON22.csv,36,HON22.csv,2.0,408.7600000000001,408.7600000000001,817.54,817.5200000000002,0.019999999999754436
44713,12,0,411.96,6,2022-06-01,2022-06-01 12:00:00,2022-06-01 12:00:00,HON22.csv,49,HON22.csv,3.0,410.7000000000001,410.7000000000001,1235.8799999999999,1232.1000000000004,3.779999999999518
44713,14,30,414.28,5,2022-06-01,2022-06-01 14:30:00,2022-06-01 14:30:00,HON22.csv,76,HON22.csv,-1.0,414.5,414.5,414.28,414.5,0.22000000000002728
44713,16,0,415.81,2,2022-06-01,2022-06-01 16:00:00,2022-06-01 16:00:00,HON22.csv,3,HON22.csv,-3.0,414.16,413.97,1247.43,1241.91,-5.519999999999982
44714,10,30,414.66,3,2022-06-02,2022-06-02 10:30:00,2022-06-02 10:30:00,HON22.csv,19,HON22.csv,1.0,413.28,413.28,414.66,413.28,1.3800000000000523
44714,12,0,418.74,6,2022-06-02,2022-06-02 12:00:00,2022-06-02 12:00:00,HON22.csv,10,HON22.csv,3.0,418.53,418.53,1256.22,1255.59,0.6300000000001091
44714,16,0,426.91,2,2022-06-02,2022-06-02 16:00:00,2022-06-02 16:00:00,HON22.csv,2,HON22.csv,-4.0,427.54,427.81,1707.64,1711.24,3.599999999999909
44715,6,0,424.23,3,2022-06-03,2022-06-03 06:00:00,2022-06-03 06:00:00,HON22.csv,2,HON22.csv,1.0,424.14,424.14,424.23,424.14,0.09000000000003183
44715,10,30,428.52,4,2022-06-03,2022-06-03 10:30:00,2022-06-03 10:30:00,HON22.csv,18,HON22.csv,1.0,428.68,428.68,428.52,428.68,-0.160000000000025
44715,12,0,430.85,6,2022-06-03,2022-06-03 12:00:00,2022-06-03 12:00:00,HON22.csv,72,HON22.csv,2.0,430.19,430.19,861.7,860.38,1.32000000000005
44715,14,30,428.21,5,2022-06-03,2022-06-03 14:30:00,2022-06-03 14:30:00,HON22.csv,86,HON22.csv,-1.0,429.58,429.55,428.21,429.55,1.3400000000000318
44715,16,0,434.25,1,2022-06-03,2022-06-03 16:00:00,2022-06-03 16:00:00,HON22.csv,1,HON22.csv,-4.0,434.34,434.39,1737.0,1737.56,0.5599999999999454
44715,16,20,434.1,0,2022-06-03,2022-06-03 16:20:00,2022-06-03 16:20:00,HON22.csv,4,HON22.csv,-1.0,434.33,434.33,434.1,434.33,0.22999999999996135
44718,6,30,432.4,2,2022-06-06,2022-06-06 06:30:00,2022-06-06 06:30:00,HON22.csv,4,HON22.csv,2.0,432.31,432.31,864.8,864.62,0.17999999999994998
44718,12,0,435.34,6,2022-06-06,2022-06-06 12:00:00,2022-06-06 12:00:00,HON22.csv,41,HON22.csv,4.0,435.08,435.08,1741.36,1740.32,1.0399999999999636
44718,16,0,435.74,2,2022-06-06,2022-06-06 16:00:00,2022-06-06 16:00:00,HON22.csv,4,HON22.csv,-4.0,435.8,435.8,1742.96,1743.2,0.2400000000000091
44719,6,0,433.46,3,2022-06-07,2022-06-07 06:00:00,2022-06-07 06:00:00,HON22.csv,2,HON22.csv,1.0,433.37,433.37,433.46,433.37,0.08999999999997499
44719,6,30,434.03,5,2022-06-07,2022-06-07 06:30:00,2022-06-07 06:30:00,HON22.csv,1,HON22.csv,2.0,433.94,433.85,868.06,867.7,0.35999999999989996
44719,10,30,433.31,4,2022-06-07,2022-06-07 10:30:00,2022-06-07 10:30:00,HON22.csv,15,HON22.csv,-1.0,433.16,433.16,433.31,433.16,-0.14999999999997726
44719,12,0,432.99,3,2022-06-07,2022-06-07 12:00:00,2022-06-07 12:00:00,HON22.csv,33,HON22.csv,-1.0,432.7,432.7,432.99,432.7,-0.29000000000002046
44719,14,30,432.75,2,2022-06-07,2022-06-07 14:30:00,2022-06-07 14:30:00,HON22.csv,78,HON22.csv,-1.0,433.14,433.14,432.75,433.14,0.38999999999998636
44720,6,0,433.74,1,2022-06-08,2022-06-08 06:00:00,2022-06-08 06:00:00,HON22.csv,2,HON22.csv,-1.0,433.83,433.83,433.74,433.83,0.08999999999997499
44720,10,30,429.95,3,2022-06-08,2022-06-08 10:30:00,2022-06-08 10:30:00,HON22.csv,106,HON22.csv,2.0,430.18,430.18,859.9,860.36,-0.4600000000000364
44720,12,0,433.46,6,2022-06-08,2022-06-08 12:00:00,2022-06-08 12:00:00,HON22.csv,160,HON22.csv,3.0,434.14,434.14,1300.3799999999999,1302.42,-2.040000000000191
44720,16,0,432.85,5,2022-06-08,2022-06-08 16:00:00,2022-06-08 16:00:00,HON22.csv,5,HON22.csv,-1.0,432.9,432.9,432.85,432.9,0.049999999999954525
44721,6,30,431.56,6,2022-06-09,2022-06-09 06:30:00,2022-06-09 06:30:00,HON22.csv,3,HON22.csv,1.0,431.19,431.19,431.56,431.19,0.37000000000000455
44721,14,30,440.04,4,2022-06-09,2022-06-09 14:30:00,2022-06-09 14:30:00,HON22.csv,47,HON22.csv,-2.0,440.72,440.72,880.08,881.44,1.3600000000000136
44721,16,0,441.65,0,2022-06-09,2022-06-09 16:00:00,2022-06-09 16:00:00,HON22.csv,3,HON22.csv,-4.0,441.73,441.6,1766.6,1766.4,-0.1999999999998181
44722,12,0,434.67,2,2022-06-10,2022-06-10 12:00:00,2022-06-10 12:00:00,HON22.csv,45,HON22.csv,2.0,434.44,434.44,869.34,868.88,0.4600000000000364
44722,16,0,436.13,0,2022-06-10,2022-06-10 16:00:00,2022-06-10 16:00:00,HON22.csv,4,HON22.csv,-2.0,436.22,436.45,872.26,872.9,0.6399999999999864
44725,4,30,429.22,-2,2022-06-13,2022-06-13 04:30:00,2022-06-13 04:30:00,HON22.csv,18,HON22.csv,-2.0,429.98,429.98,858.44,859.96,1.5199999999999818
44725,8,30,433.53,0,2022-06-13,2022-06-13 08:30:00,2022-06-13 08:30:00,HON22.csv,1,HON22.csv,2.0,433.44,433.44,867.06,866.88,0.17999999999994998
44725,10,30,428.0,-1,2022-06-13,2022-06-13 10:30:00,2022-06-13 10:30:00,HON22.csv,34,HON22.csv,-1.0,427.92,427.92,428.0,427.92,-0.07999999999998408
44725,12,0,434.02,6,2022-06-13,2022-06-13 12:00:00,2022-06-13 12:00:00,HON22.csv,69,HON22.csv,7.0,434.46,434.46,3038.14,3041.22,-3.0799999999999272
44725,16,0,428.38,5,2022-06-13,2022-06-13 16:00:00,2022-06-13 16:00:00,HON22.csv,16,HON22.csv,-1.0,427.35,427.35,428.38,427.35,-1.0299999999999727
44726,12,0,440.94,2,2022-06-14,2022-06-14 12:00:00,2022-06-14 12:00:00,HON22.csv,20,HON22.csv,-3.0,439.93,439.93,1322.82,1319.79,-3.0299999999999727
44726,16,0,437.01,0,2022-06-14,2022-06-14 16:00:00,2022-06-14 16:00:00,HON22.csv,5,HON22.csv,-2.0,436.91,436.91,874.02,873.82,-0.1999999999999318
44727,6,0,436.93,2,2022-06-15,2022-06-15 06:00:00,2022-06-15 06:00:00,HON22.csv,6,HON22.csv,2.0,436.88000000000005,435.66,873.86,871.32,2.5399999999999636
44727,10,30,446.48,3,2022-06-15,2022-06-15 10:30:00,2022-06-15 10:30:00,HON22.csv,89,HON22.csv,1.0,446.39,446.39,446.48,446.39,0.09000000000003183
44727,12,0,455.66,6,2022-06-15,2022-06-15 12:00:00,2022-06-15 12:00:00,HON22.csv,71,HON22.csv,3.0,455.5700000000001,455.5700000000001,1366.98,1366.7100000000003,0.26999999999975444
44727,16,0,449.99,4,2022-06-15,2022-06-15 16:00:00,2022-06-15 16:00:00,HON22.csv,3,HON22.csv,-2.0,449.76,449.1,899.98,898.2,-1.7799999999999727
44728,6,0,453.63,3,2022-06-16,2022-06-16 06:00:00,2022-06-16 06:00:00,HON22.csv,1,HON22.csv,-1.0,453.26,453.26,453.63,453.26,-0.37000000000000455
44728,6,30,449.22,4,2022-06-16,2022-06-16 06:30:00,2022-06-16 06:30:00,HON22.csv,1,HON22.csv,1.0,449.13000000000005,447.0,449.22,447.0,2.2200000000000273
44728,10,30,451.65,3,2022-06-16,2022-06-16 10:30:00,2022-06-16 10:30:00,HON22.csv,13,HON22.csv,-1.0,451.74,451.74,451.65,451.74,0.09000000000003183
44728,12,0,449.24,2,2022-06-16,2022-06-16 12:00:00,2022-06-16 12:00:00,HON22.csv,6,HON22.csv,-1.0,449.68,449.68,449.24,449.68,0.4399999999999977
44728,16,0,456.0,1,2022-06-16,2022-06-16 16:00:00,2022-06-16 16:00:00,HON22.csv,14,HON22.csv,-1.0,456.39,456.39,456.0,456.39,0.38999999999998636
44729,6,0,462.98,0,2022-06-17,2022-06-17 06:00:00,2022-06-17 06:00:00,HON22.csv,1,HON22.csv,-1.0,463.22,463.21,462.98,463.21,0.22999999999996135
44729,12,0,441.07,2,2022-06-17,2022-06-17 12:00:00,2022-06-17 12:00:00,HON22.csv,18,HON22.csv,2.0,439.64,439.64,882.14,879.28,2.8600000000000136
44729,16,0,435.45,0,2022-06-17,2022-06-17 16:00:00,2022-06-17 16:00:00,HON22.csv,1,HON22.csv,-2.0,435.54,436.2,870.9,872.4,1.5
44732,4,30,423.22,1,2022-06-20,2022-06-20 04:30:00,2022-06-20 04:30:00,HON22.csv,8,HON22.csv,1.0,436.31,435.26,423.22,435.26,-12.039999999999964
44732,6,0,425.2,3,2022-06-20,2022-06-20 06:00:00,2022-06-20 06:00:00,HON22.csv,1,HON22.csv,2.0,438.28,438.11,850.4,876.22,-25.82000000000005
44732,8,30,427.36,2,2022-06-20,2022-06-20 08:30:00,2022-06-20 08:30:00,HON22.csv,1,HON22.csv,-1.0,440.59,440.59,427.36,440.59,13.229999999999961
44732,12,0,430.49,4,2022-06-20,2022-06-20 12:00:00,2022-06-20 12:00:00,HON22.csv,2,HON22.csv,2.0,444.77,445.14,860.98,890.28,-29.299999999999955
44733,4,30,439.48,1,2022-06-21,2022-06-21 04:30:00,2022-06-21 04:30:00,HON22.csv,2,HON22.csv,-3.0,450.87,451.28,1318.44,1353.84,35.399999999999864
44733,6,0,439.93,-1,2022-06-21,2022-06-21 06:00:00,2022-06-21 06:00:00,HON22.csv,2,HON22.csv,-2.0,453.51,452.94,879.86,905.88,26.019999999999982
44733,8,30,434.73,2,2022-06-21,2022-06-21 08:30:00,2022-06-21 08:30:00,HON22.csv,2,HON22.csv,3.0,449.13000000000005,449.13000000000005,1304.19,1347.39,-43.200000000000045
44733,10,30,436.03,3,2022-06-21,2022-06-21 10:30:00,2022-06-21 10:30:00,HON22.csv,7,HON22.csv,1.0,451.04,451.04,436.03,451.04,-15.010000000000048
44733,12,0,435.2,2,2022-06-21,2022-06-21 12:00:00,2022-06-21 12:00:00,HON22.csv,1,HON22.csv,-1.0,448.85,448.85,435.2,448.85,13.650000000000034
44733,14,30,424.11,1,2022-06-21,2022-06-21 14:30:00,2022-06-21 14:30:00,HON22.csv,75,HON22.csv,-1.0,438.72,438.72,424.11,438.72,14.610000000000014
44734,4,30,416.95,2,2022-06-22,2022-06-22 04:30:00,2022-06-22 04:30:00,HON22.csv,2,HON22.csv,1.0,430.47,430.32,416.95,430.32,-13.370000000000005
44734,8,30,417.98,1,2022-06-22,2022-06-22 08:30:00,2022-06-22 08:30:00,HON22.csv,1,HON22.csv,-1.0,429.87,429.25,417.98,429.25,11.269999999999982
44736,12,0,423.43,3,2022-06-24,2022-06-24 12:00:00,2022-06-24 12:00:00,HON22.csv,8,HON22.csv,2.0,435.62,435.62,846.86,871.24,-24.379999999999995
44736,16,0,424.33,0,2022-06-24,2022-06-24 16:00:00,2022-06-24 16:00:00,HON22.csv,17,HON22.csv,-3.0,435.64,435.75,1272.99,1307.25,34.25999999999999
44739,6,0,420.67,-1,2022-06-27,2022-06-27 06:00:00,2022-06-27 06:00:00,HON22.csv,5,HON22.csv,-1.0,432.54,433.79,420.67,433.79,13.120000000000005
44739,12,0,416.79,-2,2022-06-27,2022-06-27 12:00:00,2022-06-27 12:00:00,HON22.csv,8,HON22.csv,-1.0,427.99,427.99,416.79,427.99,11.199999999999989
44739,16,0,414.48,-1,2022-06-27,2022-06-27 16:00:00,2022-06-27 16:00:00,HON22.csv,2,HON22.csv,1.0,425.74,425.68,414.48,425.68,-11.199999999999989
44740,6,0,416.01,0,2022-06-28,2022-06-28 06:00:00,2022-06-28 06:00:00,HON22.csv,1,HON22.csv,1.0,422.91,424.1,416.01,424.1,-8.090000000000032
44740,12,0,405.25,2,2022-06-28,2022-06-28 12:00:00,2022-06-28 12:00:00,HON22.csv,1,HON22.csv,2.0,414.29,414.9,810.5,829.8,-19.299999999999955
44740,16,0,411.33,0,2022-06-28,2022-06-28 16:00:00,2022-06-28 16:00:00,HON22.csv,5,HON22.csv,-2.0,419.07,419.58,822.66,839.16,16.5
44741,4,30,404.1,1,2022-06-29,2022-06-29 04:30:00,2022-06-29 04:30:00,HON22.csv,3,HON22.csv,1.0,413.34,412.09,404.1,412.09,-7.989999999999952
44741,6,0,403.56,0,2022-06-29,2022-06-29 06:00:00,2022-06-29 06:00:00,HON22.csv,1,HON22.csv,-1.0,414.35,412.91,403.56,412.91,9.350000000000023
44741,6,30,404.88,-1,2022-06-29,2022-06-29 06:30:00,2022-06-29 06:30:00,HON22.csv,1,HON22.csv,-1.0,414.35,414.33,404.88,414.33,9.449999999999989
44741,8,30,410.01,-2,2022-06-29,2022-06-29 08:30:00,2022-06-29 08:30:00,HON22.csv,1,HON22.csv,-1.0,417.59,417.5,410.01,417.5,7.490000000000009
44741,10,30,414.78,-1,2022-06-29,2022-06-29 10:30:00,2022-06-29 10:30:00,HON22.csv,2,HON22.csv,1.0,417.88000000000005,421.33,414.78,421.33,-6.550000000000011
44741,12,0,403.63,1,2022-06-29,2022-06-29 12:00:00,2022-06-29 12:00:00,HON22.csv,1,HON22.csv,2.0,409.96,410.27,807.26,820.54,-13.279999999999973
44742,4,30,389.57,3,2022-06-30,2022-06-30 04:30:00,2022-06-30 04:30:00,HON22.csv,1,HON22.csv,2.0,401.71,405.0,779.14,810.0,-30.860000000000014
44742,6,30,397.01,-2,2022-06-30,2022-06-30 06:30:00,2022-06-30 06:30:00,HON22.csv,2,HON22.csv,-5.0,401.89,401.8,1985.05,2009.0,23.950000000000045
44742,8,30,394.92,-4,2022-06-30,2022-06-30 08:30:00,2022-06-30 08:30:00,HON22.csv,3,HON22.csv,-2.0,399.2,401.5,789.84,803.0,13.159999999999968
44742,10,30,380.83,1,2022-06-30,2022-06-30 10:30:00,2022-06-30 10:30:00,HON22.csv,2,HON22.csv,5.0,388.59,383.5,1904.1499999999999,1917.5,-13.350000000000136
44742,12,0,382.23,-1,2022-06-30,2022-06-30 12:00:00,2022-06-30 12:00:00,HON22.csv,1,HON22.csv,-2.0,387.84,390.22,764.46,780.44,15.980000000000018
